"ESP32Batt","BLECountUnique","ruuviMac","ruuviMovementDiff","ruuviBatt","ruuviRSSI","DevEUI","time_received","time_received_formatted"
"3268","7","72f5","0","2460","0","9900AABBCCDDEE19","24.6.2020 14.01.27 +03:00","2020-06-24T14:01:27+03:00"
"3268","7","490f","0","2892","0","9900AABBCCDDEE19","24.6.2020 14.01.27 +03:00","2020-06-24T14:01:27+03:00"
"3268","7","0c6d","0","2532","0","9900AABBCCDDEE19","24.6.2020 14.01.27 +03:00","2020-06-24T14:01:27+03:00"
"3268","7","c584","0","2636","0","9900AABBCCDDEE19","24.6.2020 14.01.27 +03:00","2020-06-24T14:01:27+03:00"
"3268","7","dbcc","0","2388","0","9900AABBCCDDEE19","24.6.2020 14.01.27 +03:00","2020-06-24T14:01:27+03:00"
"3268","7","99aa","0","2556","0","9900AABBCCDDEE19","24.6.2020 14.01.27 +03:00","2020-06-24T14:01:27+03:00"
"3268","7","f43d","61","3204","0","9900AABBCCDDEE19","24.6.2020 14.01.27 +03:00","2020-06-24T14:01:27+03:00"
"3268","9","72f5","0","0","-72","9900AABBCCDDEE19","24.6.2020 14.00.18 +03:00","2020-06-24T14:00:18+03:00"
"3268","9","c942","28","0","-85","9900AABBCCDDEE19","24.6.2020 14.00.18 +03:00","2020-06-24T14:00:18+03:00"
"3268","9","0c6d","0","0","-77","9900AABBCCDDEE19","24.6.2020 14.00.18 +03:00","2020-06-24T14:00:18+03:00"
"3268","9","c584","0","0","-70","9900AABBCCDDEE19","24.6.2020 14.00.18 +03:00","2020-06-24T14:00:18+03:00"
"3268","9","dbcc","39","0","-72","9900AABBCCDDEE19","24.6.2020 14.00.18 +03:00","2020-06-24T14:00:18+03:00"
"3268","9","99aa","38","0","-71","9900AABBCCDDEE19","24.6.2020 14.00.18 +03:00","2020-06-24T14:00:18+03:00"
"3268","9","f43d","0","0","-73","9900AABBCCDDEE19","24.6.2020 14.00.18 +03:00","2020-06-24T14:00:18+03:00"
"3268","8","72f5","0","2460","0","9900AABBCCDDEE19","24.6.2020 13.59.09 +03:00","2020-06-24T13:59:09+03:00"
"3268","8","490f","0","2884","0","9900AABBCCDDEE19","24.6.2020 13.59.09 +03:00","2020-06-24T13:59:09+03:00"
"3268","8","c942","38","2484","0","9900AABBCCDDEE19","24.6.2020 13.59.09 +03:00","2020-06-24T13:59:09+03:00"
"3268","8","0c6d","0","2524","0","9900AABBCCDDEE19","24.6.2020 13.59.09 +03:00","2020-06-24T13:59:09+03:00"
"3268","8","c584","0","2628","0","9900AABBCCDDEE19","24.6.2020 13.59.09 +03:00","2020-06-24T13:59:09+03:00"
"3268","8","dbcc","44","2396","0","9900AABBCCDDEE19","24.6.2020 13.59.09 +03:00","2020-06-24T13:59:09+03:00"
"3268","8","f43d","0","3196","0","9900AABBCCDDEE19","24.6.2020 13.59.09 +03:00","2020-06-24T13:59:09+03:00"
"3268","7","72f5","0","0","-78","9900AABBCCDDEE19","24.6.2020 13.58.00 +03:00","2020-06-24T13:58:00+03:00"
"3268","7","c942","20","0","-77","9900AABBCCDDEE19","24.6.2020 13.58.00 +03:00","2020-06-24T13:58:00+03:00"
"3268","7","0c6d","0","0","-81","9900AABBCCDDEE19","24.6.2020 13.58.00 +03:00","2020-06-24T13:58:00+03:00"
"3268","7","c584","9","0","-68","9900AABBCCDDEE19","24.6.2020 13.58.00 +03:00","2020-06-24T13:58:00+03:00"
"3268","7","dbcc","14","0","-67","9900AABBCCDDEE19","24.6.2020 13.58.00 +03:00","2020-06-24T13:58:00+03:00"
"3268","7","99aa","77","0","-74","9900AABBCCDDEE19","24.6.2020 13.58.00 +03:00","2020-06-24T13:58:00+03:00"
"3268","7","f43d","0","0","-78","9900AABBCCDDEE19","24.6.2020 13.58.00 +03:00","2020-06-24T13:58:00+03:00"
"3268","8","72f5","0","2460","0","9900AABBCCDDEE19","24.6.2020 13.56.51 +03:00","2020-06-24T13:56:51+03:00"
"3268","8","490f","0","2892","0","9900AABBCCDDEE19","24.6.2020 13.56.51 +03:00","2020-06-24T13:56:51+03:00"
"3268","8","c942","0","2348","0","9900AABBCCDDEE19","24.6.2020 13.56.51 +03:00","2020-06-24T13:56:51+03:00"
"3268","8","0c6d","0","2516","0","9900AABBCCDDEE19","24.6.2020 13.56.51 +03:00","2020-06-24T13:56:51+03:00"
"3268","8","c584","39","2628","0","9900AABBCCDDEE19","24.6.2020 13.56.51 +03:00","2020-06-24T13:56:51+03:00"
"3268","8","72f5","38","0","-78","9900AABBCCDDEE19","24.6.2020 13.55.42 +03:00","2020-06-24T13:55:42+03:00"
"3268","8","490f","0","0","-81","9900AABBCCDDEE19","24.6.2020 13.55.42 +03:00","2020-06-24T13:55:42+03:00"
"3268","8","c942","0","0","-76","9900AABBCCDDEE19","24.6.2020 13.55.42 +03:00","2020-06-24T13:55:42+03:00"
"3268","8","0c6d","0","0","-81","9900AABBCCDDEE19","24.6.2020 13.55.42 +03:00","2020-06-24T13:55:42+03:00"
"3268","8","c584","0","0","-69","9900AABBCCDDEE19","24.6.2020 13.55.42 +03:00","2020-06-24T13:55:42+03:00"
"3268","8","dbcc","30","0","-72","9900AABBCCDDEE19","24.6.2020 13.55.42 +03:00","2020-06-24T13:55:42+03:00"
"3268","8","f43d","36","0","-72","9900AABBCCDDEE19","24.6.2020 13.55.42 +03:00","2020-06-24T13:55:42+03:00"
"3268","5","72f5","0","2460","0","9900AABBCCDDEE19","24.6.2020 13.54.33 +03:00","2020-06-24T13:54:33+03:00"
"3268","5","490f","0","2892","0","9900AABBCCDDEE19","24.6.2020 13.54.33 +03:00","2020-06-24T13:54:33+03:00"
"3268","5","c942","18","2356","0","9900AABBCCDDEE19","24.6.2020 13.54.33 +03:00","2020-06-24T13:54:33+03:00"
"3268","5","0c6d","0","2524","0","9900AABBCCDDEE19","24.6.2020 13.54.33 +03:00","2020-06-24T13:54:33+03:00"
"3268","5","c584","38","2636","0","9900AABBCCDDEE19","24.6.2020 13.54.33 +03:00","2020-06-24T13:54:33+03:00"
"3268","5","99aa","77","2556","0","9900AABBCCDDEE19","24.6.2020 13.54.33 +03:00","2020-06-24T13:54:33+03:00"
"3268","5","f43d","0","3204","0","9900AABBCCDDEE19","24.6.2020 13.54.33 +03:00","2020-06-24T13:54:33+03:00"
"3268","8","72f5","56","0","-72","9900AABBCCDDEE19","24.6.2020 13.53.24 +03:00","2020-06-24T13:53:24+03:00"
"3268","8","490f","0","0","-74","9900AABBCCDDEE19","24.6.2020 13.53.24 +03:00","2020-06-24T13:53:24+03:00"
"3268","8","c942","0","0","-76","9900AABBCCDDEE19","24.6.2020 13.53.24 +03:00","2020-06-24T13:53:24+03:00"
"3268","8","0c6d","0","0","-76","9900AABBCCDDEE19","24.6.2020 13.53.24 +03:00","2020-06-24T13:53:24+03:00"
"3268","8","c584","18","0","-73","9900AABBCCDDEE19","24.6.2020 13.53.24 +03:00","2020-06-24T13:53:24+03:00"
"3268","8","dbcc","104","0","-72","9900AABBCCDDEE19","24.6.2020 13.53.24 +03:00","2020-06-24T13:53:24+03:00"
"3268","8","99aa","34","0","-73","9900AABBCCDDEE19","24.6.2020 13.53.24 +03:00","2020-06-24T13:53:24+03:00"
"3268","8","f43d","0","0","-78","9900AABBCCDDEE19","24.6.2020 13.53.24 +03:00","2020-06-24T13:53:24+03:00"
"3268","10","490f","0","2892","0","9900AABBCCDDEE19","24.6.2020 13.52.15 +03:00","2020-06-24T13:52:15+03:00"
"3268","10","c942","76","2356","0","9900AABBCCDDEE19","24.6.2020 13.52.15 +03:00","2020-06-24T13:52:15+03:00"
"3268","10","0c6d","0","2516","0","9900AABBCCDDEE19","24.6.2020 13.52.15 +03:00","2020-06-24T13:52:15+03:00"
"3268","10","c584","46","2620","0","9900AABBCCDDEE19","24.6.2020 13.52.15 +03:00","2020-06-24T13:52:15+03:00"
"3268","10","99aa","43","2548","0","9900AABBCCDDEE19","24.6.2020 13.52.15 +03:00","2020-06-24T13:52:15+03:00"
"3268","10","f43d","63","3196","0","9900AABBCCDDEE19","24.6.2020 13.52.15 +03:00","2020-06-24T13:52:15+03:00"
"3268","8","72f5","33","0","-69","9900AABBCCDDEE19","24.6.2020 13.51.06 +03:00","2020-06-24T13:51:06+03:00"
"3268","8","490f","0","0","-75","9900AABBCCDDEE19","24.6.2020 13.51.06 +03:00","2020-06-24T13:51:06+03:00"
"3268","8","0c6d","0","0","-74","9900AABBCCDDEE19","24.6.2020 13.51.06 +03:00","2020-06-24T13:51:06+03:00"
"3268","8","c584","18","0","-69","9900AABBCCDDEE19","24.6.2020 13.51.06 +03:00","2020-06-24T13:51:06+03:00"
"3268","8","99aa","29","0","-73","9900AABBCCDDEE19","24.6.2020 13.51.06 +03:00","2020-06-24T13:51:06+03:00"
"3268","7","72f5","54","2460","0","9900AABBCCDDEE19","24.6.2020 13.49.57 +03:00","2020-06-24T13:49:57+03:00"
"3268","7","0c6d","0","2508","0","9900AABBCCDDEE19","24.6.2020 13.49.57 +03:00","2020-06-24T13:49:57+03:00"
"3268","7","c584","13","2620","0","9900AABBCCDDEE19","24.6.2020 13.49.57 +03:00","2020-06-24T13:49:57+03:00"
"3268","7","dbcc","82","2404","0","9900AABBCCDDEE19","24.6.2020 13.49.57 +03:00","2020-06-24T13:49:57+03:00"
"3268","7","99aa","63","2548","0","9900AABBCCDDEE19","24.6.2020 13.49.57 +03:00","2020-06-24T13:49:57+03:00"
"3268","7","f43d","19","3212","0","9900AABBCCDDEE19","24.6.2020 13.49.57 +03:00","2020-06-24T13:49:57+03:00"
"3268","5","72f5","0","0","-71","9900AABBCCDDEE19","24.6.2020 13.48.49 +03:00","2020-06-24T13:48:49+03:00"
"3268","5","490f","42","0","-74","9900AABBCCDDEE19","24.6.2020 13.48.49 +03:00","2020-06-24T13:48:49+03:00"
"3268","5","c942","14","0","-82","9900AABBCCDDEE19","24.6.2020 13.48.49 +03:00","2020-06-24T13:48:49+03:00"
"3268","5","0c6d","0","0","-77","9900AABBCCDDEE19","24.6.2020 13.48.49 +03:00","2020-06-24T13:48:49+03:00"
"3268","5","c584","36","0","-67","9900AABBCCDDEE19","24.6.2020 13.48.49 +03:00","2020-06-24T13:48:49+03:00"
"3268","5","dbcc","37","0","-69","9900AABBCCDDEE19","24.6.2020 13.48.49 +03:00","2020-06-24T13:48:49+03:00"
"3268","5","99aa","0","0","-72","9900AABBCCDDEE19","24.6.2020 13.48.49 +03:00","2020-06-24T13:48:49+03:00"
"3268","3","490f","0","2892","0","9900AABBCCDDEE19","24.6.2020 13.47.40 +03:00","2020-06-24T13:47:40+03:00"
"3268","3","c942","36","2436","0","9900AABBCCDDEE19","24.6.2020 13.47.40 +03:00","2020-06-24T13:47:40+03:00"
"3268","3","0c6d","0","2508","0","9900AABBCCDDEE19","24.6.2020 13.47.40 +03:00","2020-06-24T13:47:40+03:00"
"3268","3","c584","19","2628","0","9900AABBCCDDEE19","24.6.2020 13.47.40 +03:00","2020-06-24T13:47:40+03:00"
"3268","3","dbcc","8","2404","0","9900AABBCCDDEE19","24.6.2020 13.47.40 +03:00","2020-06-24T13:47:40+03:00"
"3268","3","99aa","0","2556","0","9900AABBCCDDEE19","24.6.2020 13.47.40 +03:00","2020-06-24T13:47:40+03:00"
"3268","3","f43d","15","3204","0","9900AABBCCDDEE19","24.6.2020 13.47.40 +03:00","2020-06-24T13:47:40+03:00"
"3268","1","490f","0","0","-76","9900AABBCCDDEE19","24.6.2020 13.46.31 +03:00","2020-06-24T13:46:31+03:00"
"3268","1","c942","32","0","-76","9900AABBCCDDEE19","24.6.2020 13.46.31 +03:00","2020-06-24T13:46:31+03:00"
"3268","1","0c6d","0","0","-81","9900AABBCCDDEE19","24.6.2020 13.46.31 +03:00","2020-06-24T13:46:31+03:00"
"3268","1","c584","26","0","-69","9900AABBCCDDEE19","24.6.2020 13.46.31 +03:00","2020-06-24T13:46:31+03:00"
"3268","1","dbcc","70","0","-69","9900AABBCCDDEE19","24.6.2020 13.46.31 +03:00","2020-06-24T13:46:31+03:00"
"3268","1","99aa","0","0","-69","9900AABBCCDDEE19","24.6.2020 13.46.31 +03:00","2020-06-24T13:46:31+03:00"
"3268","1","f43d","36","0","-72","9900AABBCCDDEE19","24.6.2020 13.46.31 +03:00","2020-06-24T13:46:31+03:00"
"3268","5","72f5","0","2452","0","9900AABBCCDDEE19","24.6.2020 13.45.22 +03:00","2020-06-24T13:45:22+03:00"
"3268","5","490f","55","2892","0","9900AABBCCDDEE19","24.6.2020 13.45.22 +03:00","2020-06-24T13:45:22+03:00"
"3268","5","0c6d","4","2508","0","9900AABBCCDDEE19","24.6.2020 13.45.22 +03:00","2020-06-24T13:45:22+03:00"
"3268","5","c584","0","2628","0","9900AABBCCDDEE19","24.6.2020 13.45.22 +03:00","2020-06-24T13:45:22+03:00"
"3268","5","dbcc","52","2412","0","9900AABBCCDDEE19","24.6.2020 13.45.22 +03:00","2020-06-24T13:45:22+03:00"
"3268","5","99aa","0","2556","0","9900AABBCCDDEE19","24.6.2020 13.45.22 +03:00","2020-06-24T13:45:22+03:00"
"3268","5","f43d","41","3204","0","9900AABBCCDDEE19","24.6.2020 13.45.22 +03:00","2020-06-24T13:45:22+03:00"
"3268","6","72f5","0","0","-69","9900AABBCCDDEE19","24.6.2020 13.44.13 +03:00","2020-06-24T13:44:13+03:00"
"3268","6","490f","88","0","-76","9900AABBCCDDEE19","24.6.2020 13.44.13 +03:00","2020-06-24T13:44:13+03:00"
"3268","6","c942","43","0","-74","9900AABBCCDDEE19","24.6.2020 13.44.13 +03:00","2020-06-24T13:44:13+03:00"
"3268","6","0c6d","68","0","-80","9900AABBCCDDEE19","24.6.2020 13.44.13 +03:00","2020-06-24T13:44:13+03:00"
"3268","6","c584","0","0","-64","9900AABBCCDDEE19","24.6.2020 13.44.13 +03:00","2020-06-24T13:44:13+03:00"
"3268","6","dbcc","64","0","-68","9900AABBCCDDEE19","24.6.2020 13.44.13 +03:00","2020-06-24T13:44:13+03:00"
"3268","6","99aa","0","0","-73","9900AABBCCDDEE19","24.6.2020 13.44.13 +03:00","2020-06-24T13:44:13+03:00"
"3268","6","f43d","0","0","-70","9900AABBCCDDEE19","24.6.2020 13.44.13 +03:00","2020-06-24T13:44:13+03:00"
"3268","7","72f5","0","2460","0","9900AABBCCDDEE19","24.6.2020 13.43.04 +03:00","2020-06-24T13:43:04+03:00"
"3268","7","c942","0","2404","0","9900AABBCCDDEE19","24.6.2020 13.43.04 +03:00","2020-06-24T13:43:04+03:00"
"3268","7","c584","0","2628","0","9900AABBCCDDEE19","24.6.2020 13.43.04 +03:00","2020-06-24T13:43:04+03:00"
"3268","7","dbcc","83","2412","0","9900AABBCCDDEE19","24.6.2020 13.43.04 +03:00","2020-06-24T13:43:04+03:00"
"3268","7","99aa","0","2564","0","9900AABBCCDDEE19","24.6.2020 13.43.04 +03:00","2020-06-24T13:43:04+03:00"
"3268","7","f43d","44","3204","0","9900AABBCCDDEE19","24.6.2020 13.43.04 +03:00","2020-06-24T13:43:04+03:00"
"3268","7","72f5","0","0","-65","9900AABBCCDDEE19","24.6.2020 13.41.55 +03:00","2020-06-24T13:41:55+03:00"
"3268","7","490f","35","0","-69","9900AABBCCDDEE19","24.6.2020 13.41.55 +03:00","2020-06-24T13:41:55+03:00"
"3268","7","0c6d","29","0","-84","9900AABBCCDDEE19","24.6.2020 13.41.55 +03:00","2020-06-24T13:41:55+03:00"
"3268","7","dbcc","49","0","-73","9900AABBCCDDEE19","24.6.2020 13.41.55 +03:00","2020-06-24T13:41:55+03:00"
"3268","7","99aa","13","0","-73","9900AABBCCDDEE19","24.6.2020 13.41.55 +03:00","2020-06-24T13:41:55+03:00"
"3268","7","f43d","30","0","-79","9900AABBCCDDEE19","24.6.2020 13.41.55 +03:00","2020-06-24T13:41:55+03:00"
"3268","7","490f","50","2884","0","9900AABBCCDDEE19","24.6.2020 13.40.46 +03:00","2020-06-24T13:40:46+03:00"
"3268","7","c942","47","2372","0","9900AABBCCDDEE19","24.6.2020 13.40.46 +03:00","2020-06-24T13:40:46+03:00"
"3268","7","0c6d","12","2508","0","9900AABBCCDDEE19","24.6.2020 13.40.46 +03:00","2020-06-24T13:40:46+03:00"
"3268","7","c584","58","2620","0","9900AABBCCDDEE19","24.6.2020 13.40.46 +03:00","2020-06-24T13:40:46+03:00"
"3268","7","dbcc","62","2420","0","9900AABBCCDDEE19","24.6.2020 13.40.46 +03:00","2020-06-24T13:40:46+03:00"
"3268","7","f43d","38","3204","0","9900AABBCCDDEE19","24.6.2020 13.40.46 +03:00","2020-06-24T13:40:46+03:00"
"3268","7","72f5","0","0","-70","9900AABBCCDDEE19","24.6.2020 13.39.37 +03:00","2020-06-24T13:39:37+03:00"
"3268","7","c942","0","0","-81","9900AABBCCDDEE19","24.6.2020 13.39.37 +03:00","2020-06-24T13:39:37+03:00"
"3268","7","0c6d","0","0","-77","9900AABBCCDDEE19","24.6.2020 13.39.37 +03:00","2020-06-24T13:39:37+03:00"
"3268","7","c584","5","0","-69","9900AABBCCDDEE19","24.6.2020 13.39.37 +03:00","2020-06-24T13:39:37+03:00"
"3268","7","dbcc","19","0","-66","9900AABBCCDDEE19","24.6.2020 13.39.37 +03:00","2020-06-24T13:39:37+03:00"
"3268","7","99aa","50","0","-68","9900AABBCCDDEE19","24.6.2020 13.39.37 +03:00","2020-06-24T13:39:37+03:00"
"3268","7","f43d","11","0","-77","9900AABBCCDDEE19","24.6.2020 13.39.37 +03:00","2020-06-24T13:39:37+03:00"
"3268","4","72f5","39","2460","0","9900AABBCCDDEE19","24.6.2020 13.38.28 +03:00","2020-06-24T13:38:28+03:00"
"3268","4","490f","65","2892","0","9900AABBCCDDEE19","24.6.2020 13.38.28 +03:00","2020-06-24T13:38:28+03:00"
"3268","4","c942","0","2428","0","9900AABBCCDDEE19","24.6.2020 13.38.28 +03:00","2020-06-24T13:38:28+03:00"
"3268","4","0c6d","0","2508","0","9900AABBCCDDEE19","24.6.2020 13.38.28 +03:00","2020-06-24T13:38:28+03:00"
"3268","4","c584","57","2620","0","9900AABBCCDDEE19","24.6.2020 13.38.28 +03:00","2020-06-24T13:38:28+03:00"
"3268","4","dbcc","79","2428","0","9900AABBCCDDEE19","24.6.2020 13.38.28 +03:00","2020-06-24T13:38:28+03:00"
"3268","4","f43d","84","3204","0","9900AABBCCDDEE19","24.6.2020 13.38.28 +03:00","2020-06-24T13:38:28+03:00"
"3268","4","72f5","0","0","-70","9900AABBCCDDEE19","24.6.2020 13.37.19 +03:00","2020-06-24T13:37:19+03:00"
"3268","4","490f","18","0","-72","9900AABBCCDDEE19","24.6.2020 13.37.19 +03:00","2020-06-24T13:37:19+03:00"
"3268","4","c942","0","0","-82","9900AABBCCDDEE19","24.6.2020 13.37.19 +03:00","2020-06-24T13:37:19+03:00"
"3268","4","c584","39","0","-66","9900AABBCCDDEE19","24.6.2020 13.37.19 +03:00","2020-06-24T13:37:19+03:00"
"3268","4","dbcc","0","0","-69","9900AABBCCDDEE19","24.6.2020 13.37.19 +03:00","2020-06-24T13:37:19+03:00"
"3268","4","99aa","2","0","-71","9900AABBCCDDEE19","24.6.2020 13.37.19 +03:00","2020-06-24T13:37:19+03:00"
"3268","4","f43d","40","0","-70","9900AABBCCDDEE19","24.6.2020 13.37.19 +03:00","2020-06-24T13:37:19+03:00"
"3268","4","72f5","25","2452","0","9900AABBCCDDEE19","24.6.2020 13.36.10 +03:00","2020-06-24T13:36:10+03:00"
"3268","4","c942","44","2420","0","9900AABBCCDDEE19","24.6.2020 13.36.10 +03:00","2020-06-24T13:36:10+03:00"
"3268","4","0c6d","60","2516","0","9900AABBCCDDEE19","24.6.2020 13.36.10 +03:00","2020-06-24T13:36:10+03:00"
"3268","4","c584","64","2628","0","9900AABBCCDDEE19","24.6.2020 13.36.10 +03:00","2020-06-24T13:36:10+03:00"
"3268","4","99aa","5","2572","0","9900AABBCCDDEE19","24.6.2020 13.36.10 +03:00","2020-06-24T13:36:10+03:00"
"3268","4","f43d","64","3212","0","9900AABBCCDDEE19","24.6.2020 13.36.10 +03:00","2020-06-24T13:36:10+03:00"
"3268","7","72f5","5","0","-69","9900AABBCCDDEE19","24.6.2020 13.35.02 +03:00","2020-06-24T13:35:02+03:00"
"3268","7","490f","0","0","-76","9900AABBCCDDEE19","24.6.2020 13.35.02 +03:00","2020-06-24T13:35:02+03:00"
"3268","7","c942","22","0","-79","9900AABBCCDDEE19","24.6.2020 13.35.02 +03:00","2020-06-24T13:35:02+03:00"
"3268","7","c584","31","0","-65","9900AABBCCDDEE19","24.6.2020 13.35.02 +03:00","2020-06-24T13:35:02+03:00"
"3268","7","dbcc","0","0","-72","9900AABBCCDDEE19","24.6.2020 13.35.02 +03:00","2020-06-24T13:35:02+03:00"
"3268","7","99aa","4","0","-66","9900AABBCCDDEE19","24.6.2020 13.35.02 +03:00","2020-06-24T13:35:02+03:00"
"3268","7","f43d","50","0","-64","9900AABBCCDDEE19","24.6.2020 13.35.02 +03:00","2020-06-24T13:35:02+03:00"
"3268","4","72f5","0","2452","0","9900AABBCCDDEE19","24.6.2020 13.33.53 +03:00","2020-06-24T13:33:53+03:00"
"3268","4","490f","0","2884","0","9900AABBCCDDEE19","24.6.2020 13.33.53 +03:00","2020-06-24T13:33:53+03:00"
"3268","4","c942","0","2420","0","9900AABBCCDDEE19","24.6.2020 13.33.53 +03:00","2020-06-24T13:33:53+03:00"
"3268","4","0c6d","20","2516","0","9900AABBCCDDEE19","24.6.2020 13.33.53 +03:00","2020-06-24T13:33:53+03:00"
"3268","4","c584","111","2620","0","9900AABBCCDDEE19","24.6.2020 13.33.53 +03:00","2020-06-24T13:33:53+03:00"
"3268","4","dbcc","0","2428","0","9900AABBCCDDEE19","24.6.2020 13.33.53 +03:00","2020-06-24T13:33:53+03:00"
"3268","4","99aa","16","2564","0","9900AABBCCDDEE19","24.6.2020 13.33.53 +03:00","2020-06-24T13:33:53+03:00"
"3268","4","f43d","0","3204","0","9900AABBCCDDEE19","24.6.2020 13.33.53 +03:00","2020-06-24T13:33:53+03:00"
"3268","6","72f5","12","0","-64","9900AABBCCDDEE19","24.6.2020 13.32.44 +03:00","2020-06-24T13:32:44+03:00"
"3268","6","490f","3","0","-94","9900AABBCCDDEE19","24.6.2020 13.32.44 +03:00","2020-06-24T13:32:44+03:00"
"3268","6","c942","0","0","-76","9900AABBCCDDEE19","24.6.2020 13.32.44 +03:00","2020-06-24T13:32:44+03:00"
"3268","6","0c6d","1","0","-76","9900AABBCCDDEE19","24.6.2020 13.32.44 +03:00","2020-06-24T13:32:44+03:00"
"3268","6","c584","80","0","-66","9900AABBCCDDEE19","24.6.2020 13.32.44 +03:00","2020-06-24T13:32:44+03:00"
"3268","6","dbcc","0","0","-69","9900AABBCCDDEE19","24.6.2020 13.32.44 +03:00","2020-06-24T13:32:44+03:00"
"3268","6","99aa","6","0","-69","9900AABBCCDDEE19","24.6.2020 13.32.44 +03:00","2020-06-24T13:32:44+03:00"
"3268","6","f43d","20","0","-70","9900AABBCCDDEE19","24.6.2020 13.32.44 +03:00","2020-06-24T13:32:44+03:00"
"3268","5","72f5","27","2460","0","9900AABBCCDDEE19","24.6.2020 13.31.35 +03:00","2020-06-24T13:31:35+03:00"
"3268","5","490f","20","2892","0","9900AABBCCDDEE19","24.6.2020 13.31.35 +03:00","2020-06-24T13:31:35+03:00"
"3268","5","c942","27","2420","0","9900AABBCCDDEE19","24.6.2020 13.31.35 +03:00","2020-06-24T13:31:35+03:00"
"3268","5","0c6d","39","2516","0","9900AABBCCDDEE19","24.6.2020 13.31.35 +03:00","2020-06-24T13:31:35+03:00"
"3268","5","dbcc","0","2436","0","9900AABBCCDDEE19","24.6.2020 13.31.35 +03:00","2020-06-24T13:31:35+03:00"
"3268","5","99aa","17","2580","0","9900AABBCCDDEE19","24.6.2020 13.31.35 +03:00","2020-06-24T13:31:35+03:00"
"3268","8","72f5","29","0","-68","9900AABBCCDDEE19","24.6.2020 13.30.26 +03:00","2020-06-24T13:30:26+03:00"
"3268","8","490f","0","0","-77","9900AABBCCDDEE19","24.6.2020 13.30.26 +03:00","2020-06-24T13:30:26+03:00"
"3268","8","c942","47","0","-74","9900AABBCCDDEE19","24.6.2020 13.30.26 +03:00","2020-06-24T13:30:26+03:00"
"3268","8","0c6d","9","0","-84","9900AABBCCDDEE19","24.6.2020 13.30.26 +03:00","2020-06-24T13:30:26+03:00"
"3268","8","c584","14","0","-77","9900AABBCCDDEE19","24.6.2020 13.30.26 +03:00","2020-06-24T13:30:26+03:00"
"3268","8","dbcc","0","0","-71","9900AABBCCDDEE19","24.6.2020 13.30.26 +03:00","2020-06-24T13:30:26+03:00"
"3268","8","99aa","47","0","-67","9900AABBCCDDEE19","24.6.2020 13.30.26 +03:00","2020-06-24T13:30:26+03:00"
"3268","8","f43d","30","0","-72","9900AABBCCDDEE19","24.6.2020 13.30.26 +03:00","2020-06-24T13:30:26+03:00"
"3268","5","72f5","7","2452","0","9900AABBCCDDEE19","24.6.2020 13.29.18 +03:00","2020-06-24T13:29:18+03:00"
"3268","5","490f","14","2892","0","9900AABBCCDDEE19","24.6.2020 13.29.18 +03:00","2020-06-24T13:29:18+03:00"
"3268","5","c942","48","2436","0","9900AABBCCDDEE19","24.6.2020 13.29.18 +03:00","2020-06-24T13:29:18+03:00"
"3268","5","0c6d","0","2516","0","9900AABBCCDDEE19","24.6.2020 13.29.18 +03:00","2020-06-24T13:29:18+03:00"
"3268","5","c584","0","2620","0","9900AABBCCDDEE19","24.6.2020 13.29.18 +03:00","2020-06-24T13:29:18+03:00"
"3268","5","dbcc","0","2436","0","9900AABBCCDDEE19","24.6.2020 13.29.18 +03:00","2020-06-24T13:29:18+03:00"
"3268","5","f43d","21","3204","0","9900AABBCCDDEE19","24.6.2020 13.29.18 +03:00","2020-06-24T13:29:18+03:00"
"3268","8","72f5","0","0","-64","9900AABBCCDDEE19","24.6.2020 13.28.08 +03:00","2020-06-24T13:28:08+03:00"
"3268","8","490f","26","0","-74","9900AABBCCDDEE19","24.6.2020 13.28.08 +03:00","2020-06-24T13:28:08+03:00"
"3268","8","c942","54","0","-76","9900AABBCCDDEE19","24.6.2020 13.28.08 +03:00","2020-06-24T13:28:08+03:00"
"3268","8","0c6d","38","0","-76","9900AABBCCDDEE19","24.6.2020 13.28.08 +03:00","2020-06-24T13:28:08+03:00"
"3268","8","dbcc","0","0","-68","9900AABBCCDDEE19","24.6.2020 13.28.08 +03:00","2020-06-24T13:28:08+03:00"
"3268","8","99aa","66","0","-72","9900AABBCCDDEE19","24.6.2020 13.28.08 +03:00","2020-06-24T13:28:08+03:00"
"3268","8","f43d","38","0","-75","9900AABBCCDDEE19","24.6.2020 13.28.08 +03:00","2020-06-24T13:28:08+03:00"
"3268","4","72f5","0","2460","0","9900AABBCCDDEE19","24.6.2020 13.26.59 +03:00","2020-06-24T13:26:59+03:00"
"3268","4","490f","40","2868","0","9900AABBCCDDEE19","24.6.2020 13.26.59 +03:00","2020-06-24T13:26:59+03:00"
"3268","4","0c6d","41","2508","0","9900AABBCCDDEE19","24.6.2020 13.26.59 +03:00","2020-06-24T13:26:59+03:00"
"3268","4","c584","59","2612","0","9900AABBCCDDEE19","24.6.2020 13.26.59 +03:00","2020-06-24T13:26:59+03:00"
"3268","4","dbcc","32","2436","0","9900AABBCCDDEE19","24.6.2020 13.26.59 +03:00","2020-06-24T13:26:59+03:00"
"3268","4","f43d","0","3204","0","9900AABBCCDDEE19","24.6.2020 13.26.59 +03:00","2020-06-24T13:26:59+03:00"
"3268","7","72f5","29","0","-65","9900AABBCCDDEE19","24.6.2020 13.25.50 +03:00","2020-06-24T13:25:50+03:00"
"3268","7","490f","47","0","-81","9900AABBCCDDEE19","24.6.2020 13.25.50 +03:00","2020-06-24T13:25:50+03:00"
"3268","7","c942","0","0","-80","9900AABBCCDDEE19","24.6.2020 13.25.50 +03:00","2020-06-24T13:25:50+03:00"
"3268","7","0c6d","65","0","-78","9900AABBCCDDEE19","24.6.2020 13.25.50 +03:00","2020-06-24T13:25:50+03:00"
"3268","7","c584","12","0","-73","9900AABBCCDDEE19","24.6.2020 13.25.50 +03:00","2020-06-24T13:25:50+03:00"
"3268","7","dbcc","31","0","-73","9900AABBCCDDEE19","24.6.2020 13.25.50 +03:00","2020-06-24T13:25:50+03:00"
"3268","7","99aa","35","0","-65","9900AABBCCDDEE19","24.6.2020 13.25.50 +03:00","2020-06-24T13:25:50+03:00"
"3268","7","f43d","75","0","-73","9900AABBCCDDEE19","24.6.2020 13.25.50 +03:00","2020-06-24T13:25:50+03:00"
"3268","4","490f","227","2868","0","9900AABBCCDDEE19","24.6.2020 13.24.41 +03:00","2020-06-24T13:24:41+03:00"
"3268","4","c942","0","2412","0","9900AABBCCDDEE19","24.6.2020 13.24.41 +03:00","2020-06-24T13:24:41+03:00"
"3268","4","c584","0","2516","0","9900AABBCCDDEE19","24.6.2020 13.24.41 +03:00","2020-06-24T13:24:41+03:00"
"3268","4","dbcc","0","2444","0","9900AABBCCDDEE19","24.6.2020 13.24.41 +03:00","2020-06-24T13:24:41+03:00"
"3268","4","99aa","64","2596","0","9900AABBCCDDEE19","24.6.2020 13.24.41 +03:00","2020-06-24T13:24:41+03:00"
"3268","4","f43d","59","3212","0","9900AABBCCDDEE19","24.6.2020 13.24.41 +03:00","2020-06-24T13:24:41+03:00"
"3268","6","c942","0","0","-74","9900AABBCCDDEE19","24.6.2020 13.23.32 +03:00","2020-06-24T13:23:32+03:00"
"3268","6","0c6d","60","0","-81","9900AABBCCDDEE19","24.6.2020 13.23.32 +03:00","2020-06-24T13:23:32+03:00"
"3268","6","c584","36","0","-68","9900AABBCCDDEE19","24.6.2020 13.23.32 +03:00","2020-06-24T13:23:32+03:00"
"3268","6","dbcc","9","0","-69","9900AABBCCDDEE19","24.6.2020 13.23.32 +03:00","2020-06-24T13:23:32+03:00"
"3268","6","99aa","50","0","-70","9900AABBCCDDEE19","24.6.2020 13.23.32 +03:00","2020-06-24T13:23:32+03:00"
"3268","6","f43d","29","0","-71","9900AABBCCDDEE19","24.6.2020 13.23.32 +03:00","2020-06-24T13:23:32+03:00"
"3268","5","72f5","0","0","-62","9900AABBCCDDEE19","24.6.2020 13.21.15 +03:00","2020-06-24T13:21:15+03:00"
"3268","5","c942","0","0","-80","9900AABBCCDDEE19","24.6.2020 13.21.15 +03:00","2020-06-24T13:21:15+03:00"
"3268","5","c584","22","0","-70","9900AABBCCDDEE19","24.6.2020 13.21.15 +03:00","2020-06-24T13:21:15+03:00"
"3268","5","dbcc","50","0","-64","9900AABBCCDDEE19","24.6.2020 13.21.15 +03:00","2020-06-24T13:21:15+03:00"
"3268","5","99aa","31","0","-68","9900AABBCCDDEE19","24.6.2020 13.21.15 +03:00","2020-06-24T13:21:15+03:00"
"3268","5","f43d","0","0","-72","9900AABBCCDDEE19","24.6.2020 13.21.15 +03:00","2020-06-24T13:21:15+03:00"
"3268","5","72f5","0","2460","0","9900AABBCCDDEE19","24.6.2020 13.20.05 +03:00","2020-06-24T13:20:05+03:00"
"3268","5","490f","0","2868","0","9900AABBCCDDEE19","24.6.2020 13.20.05 +03:00","2020-06-24T13:20:05+03:00"
"3268","5","c942","0","2412","0","9900AABBCCDDEE19","24.6.2020 13.20.05 +03:00","2020-06-24T13:20:05+03:00"
"3268","5","0c6d","7","2500","0","9900AABBCCDDEE19","24.6.2020 13.20.05 +03:00","2020-06-24T13:20:05+03:00"
"3268","5","99aa","3","2604","0","9900AABBCCDDEE19","24.6.2020 13.20.05 +03:00","2020-06-24T13:20:05+03:00"
"3268","4","72f5","0","0","-65","9900AABBCCDDEE19","24.6.2020 13.18.57 +03:00","2020-06-24T13:18:57+03:00"
"3268","4","c942","0","0","-77","9900AABBCCDDEE19","24.6.2020 13.18.57 +03:00","2020-06-24T13:18:57+03:00"
"3268","4","c584","14","0","-65","9900AABBCCDDEE19","24.6.2020 13.18.57 +03:00","2020-06-24T13:18:57+03:00"
"3268","4","dbcc","19","0","-70","9900AABBCCDDEE19","24.6.2020 13.18.57 +03:00","2020-06-24T13:18:57+03:00"
"3268","4","99aa","5","0","-73","9900AABBCCDDEE19","24.6.2020 13.18.57 +03:00","2020-06-24T13:18:57+03:00"
"3268","6","72f5","0","2444","0","9900AABBCCDDEE19","24.6.2020 13.17.48 +03:00","2020-06-24T13:17:48+03:00"
"3268","6","490f","0","2868","0","9900AABBCCDDEE19","24.6.2020 13.17.48 +03:00","2020-06-24T13:17:48+03:00"
"3268","6","c942","0","2412","0","9900AABBCCDDEE19","24.6.2020 13.17.48 +03:00","2020-06-24T13:17:48+03:00"
"3268","6","0c6d","23","2508","0","9900AABBCCDDEE19","24.6.2020 13.17.48 +03:00","2020-06-24T13:17:48+03:00"
"3268","6","c584","0","2508","0","9900AABBCCDDEE19","24.6.2020 13.17.48 +03:00","2020-06-24T13:17:48+03:00"
"3268","6","dbcc","58","2436","0","9900AABBCCDDEE19","24.6.2020 13.17.48 +03:00","2020-06-24T13:17:48+03:00"
"3268","6","99aa","27","2604","0","9900AABBCCDDEE19","24.6.2020 13.17.48 +03:00","2020-06-24T13:17:48+03:00"
"3268","6","f43d","0","3204","0","9900AABBCCDDEE19","24.6.2020 13.17.48 +03:00","2020-06-24T13:17:48+03:00"
"3268","3","72f5","0","0","-61","9900AABBCCDDEE19","24.6.2020 13.16.39 +03:00","2020-06-24T13:16:39+03:00"
"3268","3","490f","0","0","-77","9900AABBCCDDEE19","24.6.2020 13.16.39 +03:00","2020-06-24T13:16:39+03:00"
"3268","3","c942","0","0","-76","9900AABBCCDDEE19","24.6.2020 13.16.39 +03:00","2020-06-24T13:16:39+03:00"
"3268","3","0c6d","20","0","-85","9900AABBCCDDEE19","24.6.2020 13.16.39 +03:00","2020-06-24T13:16:39+03:00"
"3268","3","c584","15","0","-68","9900AABBCCDDEE19","24.6.2020 13.16.39 +03:00","2020-06-24T13:16:39+03:00"
"3268","3","dbcc","0","0","-69","9900AABBCCDDEE19","24.6.2020 13.16.39 +03:00","2020-06-24T13:16:39+03:00"
"3268","3","99aa","0","0","-70","9900AABBCCDDEE19","24.6.2020 13.16.39 +03:00","2020-06-24T13:16:39+03:00"
"3268","3","f43d","0","0","-85","9900AABBCCDDEE19","24.6.2020 13.16.39 +03:00","2020-06-24T13:16:39+03:00"
"3268","4","72f5","0","2444","0","9900AABBCCDDEE19","24.6.2020 13.15.30 +03:00","2020-06-24T13:15:30+03:00"
"3268","4","490f","0","2868","0","9900AABBCCDDEE19","24.6.2020 13.15.30 +03:00","2020-06-24T13:15:30+03:00"
"3268","4","c942","0","2412","0","9900AABBCCDDEE19","24.6.2020 13.15.30 +03:00","2020-06-24T13:15:30+03:00"
"3268","4","0c6d","2","2500","0","9900AABBCCDDEE19","24.6.2020 13.15.30 +03:00","2020-06-24T13:15:30+03:00"
"3268","4","c584","19","2508","0","9900AABBCCDDEE19","24.6.2020 13.15.30 +03:00","2020-06-24T13:15:30+03:00"
"3268","4","dbcc","46","2436","0","9900AABBCCDDEE19","24.6.2020 13.15.30 +03:00","2020-06-24T13:15:30+03:00"
"3268","4","99aa","0","2604","0","9900AABBCCDDEE19","24.6.2020 13.15.30 +03:00","2020-06-24T13:15:30+03:00"
"3268","4","f43d","0","3204","0","9900AABBCCDDEE19","24.6.2020 13.15.30 +03:00","2020-06-24T13:15:30+03:00"
"3268","6","490f","0","0","-77","9900AABBCCDDEE19","24.6.2020 13.14.21 +03:00","2020-06-24T13:14:21+03:00"
"3268","6","c942","0","0","-79","9900AABBCCDDEE19","24.6.2020 13.14.21 +03:00","2020-06-24T13:14:21+03:00"
"3268","6","c584","0","0","-69","9900AABBCCDDEE19","24.6.2020 13.14.21 +03:00","2020-06-24T13:14:21+03:00"
"3268","6","99aa","42","0","-72","9900AABBCCDDEE19","24.6.2020 13.14.21 +03:00","2020-06-24T13:14:21+03:00"
"3268","6","f43d","0","0","-82","9900AABBCCDDEE19","24.6.2020 13.14.21 +03:00","2020-06-24T13:14:21+03:00"
"3268","4","72f5","0","2444","0","9900AABBCCDDEE19","24.6.2020 13.13.12 +03:00","2020-06-24T13:13:12+03:00"
"3268","4","c942","0","2404","0","9900AABBCCDDEE19","24.6.2020 13.13.12 +03:00","2020-06-24T13:13:12+03:00"
"3268","4","0c6d","0","2492","0","9900AABBCCDDEE19","24.6.2020 13.13.12 +03:00","2020-06-24T13:13:12+03:00"
"3268","4","c584","0","2508","0","9900AABBCCDDEE19","24.6.2020 13.13.12 +03:00","2020-06-24T13:13:12+03:00"
"3268","4","dbcc","9","2436","0","9900AABBCCDDEE19","24.6.2020 13.13.12 +03:00","2020-06-24T13:13:12+03:00"
"3268","4","99aa","5","2604","0","9900AABBCCDDEE19","24.6.2020 13.13.12 +03:00","2020-06-24T13:13:12+03:00"
"3268","4","f43d","0","3204","0","9900AABBCCDDEE19","24.6.2020 13.13.12 +03:00","2020-06-24T13:13:12+03:00"
"3268","7","72f5","0","0","-64","9900AABBCCDDEE19","24.6.2020 13.12.04 +03:00","2020-06-24T13:12:04+03:00"
"3268","7","c942","0","0","-83","9900AABBCCDDEE19","24.6.2020 13.12.04 +03:00","2020-06-24T13:12:04+03:00"
"3268","7","0c6d","0","0","-77","9900AABBCCDDEE19","24.6.2020 13.12.04 +03:00","2020-06-24T13:12:04+03:00"
"3268","7","c584","0","0","-68","9900AABBCCDDEE19","24.6.2020 13.12.04 +03:00","2020-06-24T13:12:04+03:00"
"3268","7","dbcc","14","0","-68","9900AABBCCDDEE19","24.6.2020 13.12.04 +03:00","2020-06-24T13:12:04+03:00"
"3268","7","99aa","32","0","-72","9900AABBCCDDEE19","24.6.2020 13.12.04 +03:00","2020-06-24T13:12:04+03:00"
"3268","7","f43d","0","0","-72","9900AABBCCDDEE19","24.6.2020 13.12.04 +03:00","2020-06-24T13:12:04+03:00"
"3268","3","72f5","0","2444","0","9900AABBCCDDEE19","24.6.2020 13.10.55 +03:00","2020-06-24T13:10:55+03:00"
"3268","3","490f","0","2868","0","9900AABBCCDDEE19","24.6.2020 13.10.55 +03:00","2020-06-24T13:10:55+03:00"
"3268","3","c942","0","2404","0","9900AABBCCDDEE19","24.6.2020 13.10.55 +03:00","2020-06-24T13:10:55+03:00"
"3268","3","0c6d","42","2492","0","9900AABBCCDDEE19","24.6.2020 13.10.55 +03:00","2020-06-24T13:10:55+03:00"
"3268","3","c584","0","2500","0","9900AABBCCDDEE19","24.6.2020 13.10.55 +03:00","2020-06-24T13:10:55+03:00"
"3268","3","dbcc","58","2436","0","9900AABBCCDDEE19","24.6.2020 13.10.55 +03:00","2020-06-24T13:10:55+03:00"
"3268","3","f43d","0","3204","0","9900AABBCCDDEE19","24.6.2020 13.10.55 +03:00","2020-06-24T13:10:55+03:00"
"3268","3","72f5","5","0","-65","9900AABBCCDDEE19","24.6.2020 13.09.46 +03:00","2020-06-24T13:09:46+03:00"
"3268","3","c942","0","0","-79","9900AABBCCDDEE19","24.6.2020 13.09.46 +03:00","2020-06-24T13:09:46+03:00"
"3268","3","0c6d","1","0","-75","9900AABBCCDDEE19","24.6.2020 13.09.46 +03:00","2020-06-24T13:09:46+03:00"
"3268","3","c584","0","0","-66","9900AABBCCDDEE19","24.6.2020 13.09.46 +03:00","2020-06-24T13:09:46+03:00"
"3268","3","dbcc","8","0","-71","9900AABBCCDDEE19","24.6.2020 13.09.46 +03:00","2020-06-24T13:09:46+03:00"
"3268","3","99aa","0","0","-71","9900AABBCCDDEE19","24.6.2020 13.09.46 +03:00","2020-06-24T13:09:46+03:00"
"3268","3","f43d","0","0","-75","9900AABBCCDDEE19","24.6.2020 13.09.46 +03:00","2020-06-24T13:09:46+03:00"
"3268","8","490f","0","2860","0","9900AABBCCDDEE19","24.6.2020 13.08.37 +03:00","2020-06-24T13:08:37+03:00"
"3268","8","c942","0","2388","0","9900AABBCCDDEE19","24.6.2020 13.08.37 +03:00","2020-06-24T13:08:37+03:00"
"3268","8","0c6d","48","2500","0","9900AABBCCDDEE19","24.6.2020 13.08.37 +03:00","2020-06-24T13:08:37+03:00"
"3268","8","c584","0","2500","0","9900AABBCCDDEE19","24.6.2020 13.08.37 +03:00","2020-06-24T13:08:37+03:00"
"3268","8","dbcc","52","2444","0","9900AABBCCDDEE19","24.6.2020 13.08.37 +03:00","2020-06-24T13:08:37+03:00"
"3268","8","99aa","40","2604","0","9900AABBCCDDEE19","24.6.2020 13.08.37 +03:00","2020-06-24T13:08:37+03:00"
"3268","0","490f","0","0","-76","9900AABBCCDDEE19","24.6.2020 13.07.28 +03:00","2020-06-24T13:07:28+03:00"
"3268","0","c942","0","0","-80","9900AABBCCDDEE19","24.6.2020 13.07.28 +03:00","2020-06-24T13:07:28+03:00"
"3268","0","dbcc","43","0","-68","9900AABBCCDDEE19","24.6.2020 13.07.28 +03:00","2020-06-24T13:07:28+03:00"
"3268","0","99aa","12","0","-73","9900AABBCCDDEE19","24.6.2020 13.07.28 +03:00","2020-06-24T13:07:28+03:00"
"3268","0","f43d","0","0","-71","9900AABBCCDDEE19","24.6.2020 13.07.28 +03:00","2020-06-24T13:07:28+03:00"
"3268","3","72f5","0","2436","0","9900AABBCCDDEE19","24.6.2020 13.06.19 +03:00","2020-06-24T13:06:19+03:00"
"3268","3","490f","0","2868","0","9900AABBCCDDEE19","24.6.2020 13.06.19 +03:00","2020-06-24T13:06:19+03:00"
"3268","3","c942","0","2404","0","9900AABBCCDDEE19","24.6.2020 13.06.19 +03:00","2020-06-24T13:06:19+03:00"
"3268","3","0c6d","13","2500","0","9900AABBCCDDEE19","24.6.2020 13.06.19 +03:00","2020-06-24T13:06:19+03:00"
"3268","3","c584","0","2500","0","9900AABBCCDDEE19","24.6.2020 13.06.19 +03:00","2020-06-24T13:06:19+03:00"
"3268","3","dbcc","43","2452","0","9900AABBCCDDEE19","24.6.2020 13.06.19 +03:00","2020-06-24T13:06:19+03:00"
"3268","3","99aa","33","2604","0","9900AABBCCDDEE19","24.6.2020 13.06.19 +03:00","2020-06-24T13:06:19+03:00"
"3268","3","f43d","0","3204","0","9900AABBCCDDEE19","24.6.2020 13.06.19 +03:00","2020-06-24T13:06:19+03:00"
"3268","4","490f","69","0","-79","9900AABBCCDDEE19","24.6.2020 13.05.11 +03:00","2020-06-24T13:05:11+03:00"
"3268","4","c942","0","0","-86","9900AABBCCDDEE19","24.6.2020 13.05.11 +03:00","2020-06-24T13:05:11+03:00"
"3268","4","0c6d","36","0","-83","9900AABBCCDDEE19","24.6.2020 13.05.11 +03:00","2020-06-24T13:05:11+03:00"
"3268","4","c584","0","0","-74","9900AABBCCDDEE19","24.6.2020 13.05.11 +03:00","2020-06-24T13:05:11+03:00"
"3268","4","dbcc","1","0","-70","9900AABBCCDDEE19","24.6.2020 13.05.11 +03:00","2020-06-24T13:05:11+03:00"
"3268","4","f43d","0","0","-77","9900AABBCCDDEE19","24.6.2020 13.05.11 +03:00","2020-06-24T13:05:11+03:00"
"3268","5","72f5","0","2436","0","9900AABBCCDDEE19","24.6.2020 13.04.02 +03:00","2020-06-24T13:04:02+03:00"
"3268","5","0c6d","31","2484","0","9900AABBCCDDEE19","24.6.2020 13.04.02 +03:00","2020-06-24T13:04:02+03:00"
"3268","5","dbcc","0","2460","0","9900AABBCCDDEE19","24.6.2020 13.04.02 +03:00","2020-06-24T13:04:02+03:00"
"3268","5","99aa","33","2604","0","9900AABBCCDDEE19","24.6.2020 13.04.02 +03:00","2020-06-24T13:04:02+03:00"
"3268","5","f43d","0","3204","0","9900AABBCCDDEE19","24.6.2020 13.04.02 +03:00","2020-06-24T13:04:02+03:00"
"3268","5","72f5","0","0","-64","9900AABBCCDDEE19","24.6.2020 13.02.53 +03:00","2020-06-24T13:02:53+03:00"
"3268","5","490f","38","0","-78","9900AABBCCDDEE19","24.6.2020 13.02.53 +03:00","2020-06-24T13:02:53+03:00"
"3268","5","c942","0","0","-82","9900AABBCCDDEE19","24.6.2020 13.02.53 +03:00","2020-06-24T13:02:53+03:00"
"3268","5","0c6d","16","0","-77","9900AABBCCDDEE19","24.6.2020 13.02.53 +03:00","2020-06-24T13:02:53+03:00"
"3268","5","c584","0","0","-73","9900AABBCCDDEE19","24.6.2020 13.02.53 +03:00","2020-06-24T13:02:53+03:00"
"3268","5","dbcc","0","0","-71","9900AABBCCDDEE19","24.6.2020 13.02.53 +03:00","2020-06-24T13:02:53+03:00"
"3268","5","99aa","22","0","-71","9900AABBCCDDEE19","24.6.2020 13.02.53 +03:00","2020-06-24T13:02:53+03:00"
"3268","4","72f5","0","2436","0","9900AABBCCDDEE19","24.6.2020 13.01.44 +03:00","2020-06-24T13:01:44+03:00"
"3268","4","490f","30","2868","0","9900AABBCCDDEE19","24.6.2020 13.01.44 +03:00","2020-06-24T13:01:44+03:00"
"3268","4","c942","0","2396","0","9900AABBCCDDEE19","24.6.2020 13.01.44 +03:00","2020-06-24T13:01:44+03:00"
"3268","4","0c6d","0","2492","0","9900AABBCCDDEE19","24.6.2020 13.01.44 +03:00","2020-06-24T13:01:44+03:00"
"3268","4","c584","0","2500","0","9900AABBCCDDEE19","24.6.2020 13.01.44 +03:00","2020-06-24T13:01:44+03:00"
"3268","4","dbcc","0","2460","0","9900AABBCCDDEE19","24.6.2020 13.01.44 +03:00","2020-06-24T13:01:44+03:00"
"3268","4","99aa","11","2620","0","9900AABBCCDDEE19","24.6.2020 13.01.44 +03:00","2020-06-24T13:01:44+03:00"
"3268","4","f43d","0","3204","0","9900AABBCCDDEE19","24.6.2020 13.01.44 +03:00","2020-06-24T13:01:44+03:00"
"3268","2","72f5","0","0","-65","9900AABBCCDDEE19","24.6.2020 13.00.35 +03:00","2020-06-24T13:00:35+03:00"
"3268","2","490f","70","0","-75","9900AABBCCDDEE19","24.6.2020 13.00.35 +03:00","2020-06-24T13:00:35+03:00"
"3268","2","c942","0","0","-88","9900AABBCCDDEE19","24.6.2020 13.00.35 +03:00","2020-06-24T13:00:35+03:00"
"3268","2","c584","0","0","-68","9900AABBCCDDEE19","24.6.2020 13.00.35 +03:00","2020-06-24T13:00:35+03:00"
"3268","2","dbcc","14","0","-70","9900AABBCCDDEE19","24.6.2020 13.00.35 +03:00","2020-06-24T13:00:35+03:00"
"3268","2","99aa","24","0","-70","9900AABBCCDDEE19","24.6.2020 13.00.35 +03:00","2020-06-24T13:00:35+03:00"
"3268","6","72f5","8","2452","0","9900AABBCCDDEE19","24.6.2020 12.59.26 +03:00","2020-06-24T12:59:26+03:00"
"3268","6","c942","0","2404","0","9900AABBCCDDEE19","24.6.2020 12.59.26 +03:00","2020-06-24T12:59:26+03:00"
"3268","6","0c6d","0","2500","0","9900AABBCCDDEE19","24.6.2020 12.59.26 +03:00","2020-06-24T12:59:26+03:00"
"3268","6","c584","0","2508","0","9900AABBCCDDEE19","24.6.2020 12.59.26 +03:00","2020-06-24T12:59:26+03:00"
"3268","6","dbcc","20","2468","0","9900AABBCCDDEE19","24.6.2020 12.59.26 +03:00","2020-06-24T12:59:26+03:00"
"3268","6","99aa","0","2628","0","9900AABBCCDDEE19","24.6.2020 12.59.26 +03:00","2020-06-24T12:59:26+03:00"
"3268","6","f43d","0","3204","0","9900AABBCCDDEE19","24.6.2020 12.59.26 +03:00","2020-06-24T12:59:26+03:00"
"3268","4","72f5","5","0","-66","9900AABBCCDDEE19","24.6.2020 12.58.17 +03:00","2020-06-24T12:58:17+03:00"
"3268","4","490f","51","0","-78","9900AABBCCDDEE19","24.6.2020 12.58.17 +03:00","2020-06-24T12:58:17+03:00"
"3268","4","c942","0","0","-78","9900AABBCCDDEE19","24.6.2020 12.58.17 +03:00","2020-06-24T12:58:17+03:00"
"3268","4","c584","0","0","-67","9900AABBCCDDEE19","24.6.2020 12.58.17 +03:00","2020-06-24T12:58:17+03:00"
"3268","4","dbcc","41","0","-68","9900AABBCCDDEE19","24.6.2020 12.58.17 +03:00","2020-06-24T12:58:17+03:00"
"3268","4","99aa","46","0","-69","9900AABBCCDDEE19","24.6.2020 12.58.17 +03:00","2020-06-24T12:58:17+03:00"
"3268","4","f43d","35","0","-87","9900AABBCCDDEE19","24.6.2020 12.58.17 +03:00","2020-06-24T12:58:17+03:00"
"3268","8","72f5","0","2436","0","9900AABBCCDDEE19","24.6.2020 12.57.27 +03:00","2020-06-24T12:57:27+03:00"
"3268","8","490f","0","2868","0","9900AABBCCDDEE19","24.6.2020 12.57.27 +03:00","2020-06-24T12:57:27+03:00"
"3268","8","c942","0","2404","0","9900AABBCCDDEE19","24.6.2020 12.57.27 +03:00","2020-06-24T12:57:27+03:00"
"3268","8","0c6d","0","2500","0","9900AABBCCDDEE19","24.6.2020 12.57.27 +03:00","2020-06-24T12:57:27+03:00"
"3268","8","c584","0","2508","0","9900AABBCCDDEE19","24.6.2020 12.57.27 +03:00","2020-06-24T12:57:27+03:00"
"3268","8","dbcc","0","2484","0","9900AABBCCDDEE19","24.6.2020 12.57.27 +03:00","2020-06-24T12:57:27+03:00"
"3268","8","f43d","0","3204","0","9900AABBCCDDEE19","24.6.2020 12.57.27 +03:00","2020-06-24T12:57:27+03:00"
"3268","8","72f5","0","2436","0","9900AABBCCDDEE19","24.6.2020 12.57.08 +03:00","2020-06-24T12:57:08+03:00"
"3268","8","490f","33","2868","0","9900AABBCCDDEE19","24.6.2020 12.57.08 +03:00","2020-06-24T12:57:08+03:00"
"3268","8","c942","0","2404","0","9900AABBCCDDEE19","24.6.2020 12.57.08 +03:00","2020-06-24T12:57:08+03:00"
"3268","8","0c6d","0","2500","0","9900AABBCCDDEE19","24.6.2020 12.57.08 +03:00","2020-06-24T12:57:08+03:00"
"3268","8","c584","0","2508","0","9900AABBCCDDEE19","24.6.2020 12.57.08 +03:00","2020-06-24T12:57:08+03:00"
"3268","8","dbcc","36","2484","0","9900AABBCCDDEE19","24.6.2020 12.57.08 +03:00","2020-06-24T12:57:08+03:00"
"3268","8","f43d","12","3204","0","9900AABBCCDDEE19","24.6.2020 12.57.08 +03:00","2020-06-24T12:57:08+03:00"
"3268","6","72f5","0","0","-77","9900AABBCCDDEE19","24.6.2020 12.55.59 +03:00","2020-06-24T12:55:59+03:00"
"3268","6","490f","66","0","-83","9900AABBCCDDEE19","24.6.2020 12.55.59 +03:00","2020-06-24T12:55:59+03:00"
"3268","6","c942","0","0","-79","9900AABBCCDDEE19","24.6.2020 12.55.59 +03:00","2020-06-24T12:55:59+03:00"
"3268","6","0c6d","0","0","-81","9900AABBCCDDEE19","24.6.2020 12.55.59 +03:00","2020-06-24T12:55:59+03:00"
"3268","6","c584","34","0","-67","9900AABBCCDDEE19","24.6.2020 12.55.59 +03:00","2020-06-24T12:55:59+03:00"
"3268","6","dbcc","24","0","-66","9900AABBCCDDEE19","24.6.2020 12.55.59 +03:00","2020-06-24T12:55:59+03:00"
"3268","6","99aa","58","0","-71","9900AABBCCDDEE19","24.6.2020 12.55.59 +03:00","2020-06-24T12:55:59+03:00"
"3268","6","f43d","6","0","-74","9900AABBCCDDEE19","24.6.2020 12.55.59 +03:00","2020-06-24T12:55:59+03:00"
"3268","7","490f","45","2868","0","9900AABBCCDDEE19","24.6.2020 12.54.50 +03:00","2020-06-24T12:54:50+03:00"
"3268","7","c942","0","2396","0","9900AABBCCDDEE19","24.6.2020 12.54.50 +03:00","2020-06-24T12:54:50+03:00"
"3268","7","0c6d","0","2500","0","9900AABBCCDDEE19","24.6.2020 12.54.50 +03:00","2020-06-24T12:54:50+03:00"
"3268","7","dbcc","0","2484","0","9900AABBCCDDEE19","24.6.2020 12.54.50 +03:00","2020-06-24T12:54:50+03:00"
"3268","7","f43d","0","3204","0","9900AABBCCDDEE19","24.6.2020 12.54.50 +03:00","2020-06-24T12:54:50+03:00"
"3268","7","72f5","31","0","-74","9900AABBCCDDEE19","24.6.2020 12.53.41 +03:00","2020-06-24T12:53:41+03:00"
"3268","7","490f","10","0","-86","9900AABBCCDDEE19","24.6.2020 12.53.41 +03:00","2020-06-24T12:53:41+03:00"
"3268","7","c942","0","0","-80","9900AABBCCDDEE19","24.6.2020 12.53.41 +03:00","2020-06-24T12:53:41+03:00"
"3268","7","0c6d","0","0","-79","9900AABBCCDDEE19","24.6.2020 12.53.41 +03:00","2020-06-24T12:53:41+03:00"
"3268","7","c584","27","0","-67","9900AABBCCDDEE19","24.6.2020 12.53.41 +03:00","2020-06-24T12:53:41+03:00"
"3268","7","99aa","55","0","-64","9900AABBCCDDEE19","24.6.2020 12.53.41 +03:00","2020-06-24T12:53:41+03:00"
"3268","7","490f","0","2868","0","9900AABBCCDDEE19","24.6.2020 12.52.33 +03:00","2020-06-24T12:52:33+03:00"
"3268","7","0c6d","0","2500","0","9900AABBCCDDEE19","24.6.2020 12.52.33 +03:00","2020-06-24T12:52:33+03:00"
"3268","7","c584","34","2508","0","9900AABBCCDDEE19","24.6.2020 12.52.33 +03:00","2020-06-24T12:52:33+03:00"
"3268","7","dbcc","42","2484","0","9900AABBCCDDEE19","24.6.2020 12.52.33 +03:00","2020-06-24T12:52:33+03:00"
"3268","7","99aa","15","2636","0","9900AABBCCDDEE19","24.6.2020 12.52.33 +03:00","2020-06-24T12:52:33+03:00"
"3268","7","f43d","59","3204","0","9900AABBCCDDEE19","24.6.2020 12.52.33 +03:00","2020-06-24T12:52:33+03:00"
"3268","4","72f5","17","0","-76","9900AABBCCDDEE19","24.6.2020 12.51.24 +03:00","2020-06-24T12:51:24+03:00"
"3268","4","490f","14","0","-76","9900AABBCCDDEE19","24.6.2020 12.51.24 +03:00","2020-06-24T12:51:24+03:00"
"3268","4","c942","18","0","-76","9900AABBCCDDEE19","24.6.2020 12.51.24 +03:00","2020-06-24T12:51:24+03:00"
"3268","4","0c6d","0","0","-80","9900AABBCCDDEE19","24.6.2020 12.51.24 +03:00","2020-06-24T12:51:24+03:00"
"3268","4","c584","1","0","-65","9900AABBCCDDEE19","24.6.2020 12.51.24 +03:00","2020-06-24T12:51:24+03:00"
"3268","4","dbcc","0","0","-75","9900AABBCCDDEE19","24.6.2020 12.51.24 +03:00","2020-06-24T12:51:24+03:00"
"3268","4","99aa","0","0","-72","9900AABBCCDDEE19","24.6.2020 12.51.24 +03:00","2020-06-24T12:51:24+03:00"
"3268","4","72f5","0","2444","0","9900AABBCCDDEE19","24.6.2020 12.50.15 +03:00","2020-06-24T12:50:15+03:00"
"3268","4","490f","25","2868","0","9900AABBCCDDEE19","24.6.2020 12.50.15 +03:00","2020-06-24T12:50:15+03:00"
"3268","4","c942","10","2396","0","9900AABBCCDDEE19","24.6.2020 12.50.15 +03:00","2020-06-24T12:50:15+03:00"
"3268","4","0c6d","0","2492","0","9900AABBCCDDEE19","24.6.2020 12.50.15 +03:00","2020-06-24T12:50:15+03:00"
"3268","4","c584","0","2500","0","9900AABBCCDDEE19","24.6.2020 12.50.15 +03:00","2020-06-24T12:50:15+03:00"
"3268","4","dbcc","23","2484","0","9900AABBCCDDEE19","24.6.2020 12.50.15 +03:00","2020-06-24T12:50:15+03:00"
"3268","4","99aa","62","2636","0","9900AABBCCDDEE19","24.6.2020 12.50.15 +03:00","2020-06-24T12:50:15+03:00"
"3268","4","f43d","34","3204","0","9900AABBCCDDEE19","24.6.2020 12.50.15 +03:00","2020-06-24T12:50:15+03:00"
"3268","0","72f5","30","0","-76","9900AABBCCDDEE19","24.6.2020 12.49.06 +03:00","2020-06-24T12:49:06+03:00"
"3268","0","c942","0","0","-77","9900AABBCCDDEE19","24.6.2020 12.49.06 +03:00","2020-06-24T12:49:06+03:00"
"3268","0","0c6d","0","0","-81","9900AABBCCDDEE19","24.6.2020 12.49.06 +03:00","2020-06-24T12:49:06+03:00"
"3268","0","c584","0","0","-67","9900AABBCCDDEE19","24.6.2020 12.49.06 +03:00","2020-06-24T12:49:06+03:00"
"3268","0","dbcc","38","0","-63","9900AABBCCDDEE19","24.6.2020 12.49.06 +03:00","2020-06-24T12:49:06+03:00"
"3268","0","f43d","68","0","-74","9900AABBCCDDEE19","24.6.2020 12.49.06 +03:00","2020-06-24T12:49:06+03:00"
"3268","4","72f5","57","2444","0","9900AABBCCDDEE19","24.6.2020 12.47.57 +03:00","2020-06-24T12:47:57+03:00"
"3268","4","490f","17","2868","0","9900AABBCCDDEE19","24.6.2020 12.47.57 +03:00","2020-06-24T12:47:57+03:00"
"3268","4","c942","2","2388","0","9900AABBCCDDEE19","24.6.2020 12.47.57 +03:00","2020-06-24T12:47:57+03:00"
"3268","4","0c6d","0","2500","0","9900AABBCCDDEE19","24.6.2020 12.47.57 +03:00","2020-06-24T12:47:57+03:00"
"3268","4","dbcc","0","2500","0","9900AABBCCDDEE19","24.6.2020 12.47.57 +03:00","2020-06-24T12:47:57+03:00"
"3268","4","99aa","28","2628","0","9900AABBCCDDEE19","24.6.2020 12.47.57 +03:00","2020-06-24T12:47:57+03:00"
"3268","4","f43d","18","3204","0","9900AABBCCDDEE19","24.6.2020 12.47.57 +03:00","2020-06-24T12:47:57+03:00"
"3268","5","72f5","29","0","-72","9900AABBCCDDEE19","24.6.2020 12.46.48 +03:00","2020-06-24T12:46:48+03:00"
"3268","5","490f","0","0","-81","9900AABBCCDDEE19","24.6.2020 12.46.48 +03:00","2020-06-24T12:46:48+03:00"
"3268","5","c942","41","0","-83","9900AABBCCDDEE19","24.6.2020 12.46.48 +03:00","2020-06-24T12:46:48+03:00"
"3268","5","0c6d","0","0","-81","9900AABBCCDDEE19","24.6.2020 12.46.48 +03:00","2020-06-24T12:46:48+03:00"
"3268","5","c584","0","0","-68","9900AABBCCDDEE19","24.6.2020 12.46.48 +03:00","2020-06-24T12:46:48+03:00"
"3268","5","99aa","18","0","-70","9900AABBCCDDEE19","24.6.2020 12.46.48 +03:00","2020-06-24T12:46:48+03:00"
"3268","5","f43d","68","0","-71","9900AABBCCDDEE19","24.6.2020 12.46.48 +03:00","2020-06-24T12:46:48+03:00"
"3268","2","72f5","9","2444","0","9900AABBCCDDEE19","24.6.2020 12.45.39 +03:00","2020-06-24T12:45:39+03:00"
"3268","2","490f","0","2868","0","9900AABBCCDDEE19","24.6.2020 12.45.39 +03:00","2020-06-24T12:45:39+03:00"
"3268","2","c942","25","2116","0","9900AABBCCDDEE19","24.6.2020 12.45.39 +03:00","2020-06-24T12:45:39+03:00"
"3268","2","0c6d","0","2500","0","9900AABBCCDDEE19","24.6.2020 12.45.39 +03:00","2020-06-24T12:45:39+03:00"
"3268","2","c584","63","2508","0","9900AABBCCDDEE19","24.6.2020 12.45.39 +03:00","2020-06-24T12:45:39+03:00"
"3268","2","dbcc","0","2500","0","9900AABBCCDDEE19","24.6.2020 12.45.39 +03:00","2020-06-24T12:45:39+03:00"
"3268","2","99aa","0","2644","0","9900AABBCCDDEE19","24.6.2020 12.45.39 +03:00","2020-06-24T12:45:39+03:00"
"3268","2","f43d","41","3204","0","9900AABBCCDDEE19","24.6.2020 12.45.39 +03:00","2020-06-24T12:45:39+03:00"
"3268","3","72f5","0","0","-65","9900AABBCCDDEE19","24.6.2020 12.44.30 +03:00","2020-06-24T12:44:30+03:00"
"3268","3","c942","0","0","-82","9900AABBCCDDEE19","24.6.2020 12.44.30 +03:00","2020-06-24T12:44:30+03:00"
"3268","3","0c6d","0","0","-91","9900AABBCCDDEE19","24.6.2020 12.44.30 +03:00","2020-06-24T12:44:30+03:00"
"3268","3","c584","23","0","-74","9900AABBCCDDEE19","24.6.2020 12.44.30 +03:00","2020-06-24T12:44:30+03:00"
"3268","3","f43d","29","0","-76","9900AABBCCDDEE19","24.6.2020 12.44.30 +03:00","2020-06-24T12:44:30+03:00"
"3268","5","72f5","0","2444","0","9900AABBCCDDEE19","24.6.2020 12.43.22 +03:00","2020-06-24T12:43:22+03:00"
"3268","5","490f","0","2860","0","9900AABBCCDDEE19","24.6.2020 12.43.22 +03:00","2020-06-24T12:43:22+03:00"
"3268","5","0c6d","0","2500","0","9900AABBCCDDEE19","24.6.2020 12.43.22 +03:00","2020-06-24T12:43:22+03:00"
"3268","5","dbcc","0","2508","0","9900AABBCCDDEE19","24.6.2020 12.43.22 +03:00","2020-06-24T12:43:22+03:00"
"3268","5","f43d","23","3204","0","9900AABBCCDDEE19","24.6.2020 12.43.22 +03:00","2020-06-24T12:43:22+03:00"
"3268","5","72f5","1","0","-64","9900AABBCCDDEE19","24.6.2020 12.42.13 +03:00","2020-06-24T12:42:13+03:00"
"3268","5","490f","0","0","-74","9900AABBCCDDEE19","24.6.2020 12.42.13 +03:00","2020-06-24T12:42:13+03:00"
"3268","5","c942","0","0","-74","9900AABBCCDDEE19","24.6.2020 12.42.13 +03:00","2020-06-24T12:42:13+03:00"
"3268","5","0c6d","0","0","-80","9900AABBCCDDEE19","24.6.2020 12.42.13 +03:00","2020-06-24T12:42:13+03:00"
"3268","5","c584","0","0","-67","9900AABBCCDDEE19","24.6.2020 12.42.13 +03:00","2020-06-24T12:42:13+03:00"
"3268","5","dbcc","0","0","-71","9900AABBCCDDEE19","24.6.2020 12.42.13 +03:00","2020-06-24T12:42:13+03:00"
"3268","5","99aa","0","0","-73","9900AABBCCDDEE19","24.6.2020 12.42.13 +03:00","2020-06-24T12:42:13+03:00"
"3268","5","f43d","58","0","-74","9900AABBCCDDEE19","24.6.2020 12.42.13 +03:00","2020-06-24T12:42:13+03:00"
"3268","3","72f5","0","2452","0","9900AABBCCDDEE19","24.6.2020 12.41.04 +03:00","2020-06-24T12:41:04+03:00"
"3268","3","490f","0","2868","0","9900AABBCCDDEE19","24.6.2020 12.41.04 +03:00","2020-06-24T12:41:04+03:00"
"3268","3","c942","0","2396","0","9900AABBCCDDEE19","24.6.2020 12.41.04 +03:00","2020-06-24T12:41:04+03:00"
"3268","3","0c6d","0","2508","0","9900AABBCCDDEE19","24.6.2020 12.41.04 +03:00","2020-06-24T12:41:04+03:00"
"3268","3","c584","0","2508","0","9900AABBCCDDEE19","24.6.2020 12.41.04 +03:00","2020-06-24T12:41:04+03:00"
"3268","3","dbcc","0","2516","0","9900AABBCCDDEE19","24.6.2020 12.41.04 +03:00","2020-06-24T12:41:04+03:00"
"3268","3","99aa","0","2644","0","9900AABBCCDDEE19","24.6.2020 12.41.04 +03:00","2020-06-24T12:41:04+03:00"
"3268","3","f43d","2","3196","0","9900AABBCCDDEE19","24.6.2020 12.41.04 +03:00","2020-06-24T12:41:04+03:00"
"3268","2","72f5","0","0","-63","9900AABBCCDDEE19","24.6.2020 12.39.55 +03:00","2020-06-24T12:39:55+03:00"
"3268","2","490f","0","0","-79","9900AABBCCDDEE19","24.6.2020 12.39.55 +03:00","2020-06-24T12:39:55+03:00"
"3268","2","c942","0","0","-76","9900AABBCCDDEE19","24.6.2020 12.39.55 +03:00","2020-06-24T12:39:55+03:00"
"3268","2","0c6d","0","0","-81","9900AABBCCDDEE19","24.6.2020 12.39.55 +03:00","2020-06-24T12:39:55+03:00"
"3268","2","c584","0","0","-65","9900AABBCCDDEE19","24.6.2020 12.39.55 +03:00","2020-06-24T12:39:55+03:00"
"3268","2","dbcc","0","0","-70","9900AABBCCDDEE19","24.6.2020 12.39.55 +03:00","2020-06-24T12:39:55+03:00"
"3268","2","99aa","0","0","-72","9900AABBCCDDEE19","24.6.2020 12.39.55 +03:00","2020-06-24T12:39:55+03:00"
"3268","2","f43d","0","0","-72","9900AABBCCDDEE19","24.6.2020 12.39.55 +03:00","2020-06-24T12:39:55+03:00"
"3268","6","72f5","0","2436","0","9900AABBCCDDEE19","24.6.2020 12.38.46 +03:00","2020-06-24T12:38:46+03:00"
"3268","6","490f","0","2860","0","9900AABBCCDDEE19","24.6.2020 12.38.46 +03:00","2020-06-24T12:38:46+03:00"
"3268","6","c942","0","2388","0","9900AABBCCDDEE19","24.6.2020 12.38.46 +03:00","2020-06-24T12:38:46+03:00"
"3268","6","c584","0","2508","0","9900AABBCCDDEE19","24.6.2020 12.38.46 +03:00","2020-06-24T12:38:46+03:00"
"3268","6","dbcc","0","2516","0","9900AABBCCDDEE19","24.6.2020 12.38.46 +03:00","2020-06-24T12:38:46+03:00"
"3268","6","99aa","0","2644","0","9900AABBCCDDEE19","24.6.2020 12.38.46 +03:00","2020-06-24T12:38:46+03:00"
"3268","6","f43d","0","3204","0","9900AABBCCDDEE19","24.6.2020 12.38.46 +03:00","2020-06-24T12:38:46+03:00"
"3268","6","72f5","0","0","-62","9900AABBCCDDEE19","24.6.2020 12.37.37 +03:00","2020-06-24T12:37:37+03:00"
"3268","6","490f","0","0","-79","9900AABBCCDDEE19","24.6.2020 12.37.37 +03:00","2020-06-24T12:37:37+03:00"
"3268","6","c942","0","0","-77","9900AABBCCDDEE19","24.6.2020 12.37.37 +03:00","2020-06-24T12:37:37+03:00"
"3268","6","0c6d","0","0","-91","9900AABBCCDDEE19","24.6.2020 12.37.37 +03:00","2020-06-24T12:37:37+03:00"
"3268","6","c584","0","0","-68","9900AABBCCDDEE19","24.6.2020 12.37.37 +03:00","2020-06-24T12:37:37+03:00"
"3268","6","dbcc","0","0","-70","9900AABBCCDDEE19","24.6.2020 12.37.37 +03:00","2020-06-24T12:37:37+03:00"
"3268","6","f43d","0","0","-72","9900AABBCCDDEE19","24.6.2020 12.37.37 +03:00","2020-06-24T12:37:37+03:00"
"3268","4","72f5","0","2436","0","9900AABBCCDDEE19","24.6.2020 12.36.28 +03:00","2020-06-24T12:36:28+03:00"
"3268","4","0c6d","0","2500","0","9900AABBCCDDEE19","24.6.2020 12.36.28 +03:00","2020-06-24T12:36:28+03:00"
"3268","4","c584","0","2500","0","9900AABBCCDDEE19","24.6.2020 12.36.28 +03:00","2020-06-24T12:36:28+03:00"
"3268","4","dbcc","0","2516","0","9900AABBCCDDEE19","24.6.2020 12.36.28 +03:00","2020-06-24T12:36:28+03:00"
"3268","4","99aa","0","2644","0","9900AABBCCDDEE19","24.6.2020 12.36.28 +03:00","2020-06-24T12:36:28+03:00"
"3268","3","72f5","0","0","-65","9900AABBCCDDEE19","24.6.2020 12.35.19 +03:00","2020-06-24T12:35:19+03:00"
"3268","3","490f","0","0","-80","9900AABBCCDDEE19","24.6.2020 12.35.19 +03:00","2020-06-24T12:35:19+03:00"
"3268","3","c942","0","0","-82","9900AABBCCDDEE19","24.6.2020 12.35.19 +03:00","2020-06-24T12:35:19+03:00"
"3268","3","c584","0","0","-64","9900AABBCCDDEE19","24.6.2020 12.35.19 +03:00","2020-06-24T12:35:19+03:00"
"3268","3","dbcc","0","0","-72","9900AABBCCDDEE19","24.6.2020 12.35.19 +03:00","2020-06-24T12:35:19+03:00"
"3268","3","99aa","0","0","-65","9900AABBCCDDEE19","24.6.2020 12.35.19 +03:00","2020-06-24T12:35:19+03:00"
"3268","3","f43d","0","0","-73","9900AABBCCDDEE19","24.6.2020 12.35.19 +03:00","2020-06-24T12:35:19+03:00"
"3268","2","72f5","0","2436","0","9900AABBCCDDEE19","24.6.2020 12.34.11 +03:00","2020-06-24T12:34:11+03:00"
"3268","2","490f","0","2868","0","9900AABBCCDDEE19","24.6.2020 12.34.11 +03:00","2020-06-24T12:34:11+03:00"
"3268","2","c942","29","2388","0","9900AABBCCDDEE19","24.6.2020 12.34.11 +03:00","2020-06-24T12:34:11+03:00"
"3268","2","0c6d","7","2508","0","9900AABBCCDDEE19","24.6.2020 12.34.11 +03:00","2020-06-24T12:34:11+03:00"
"3268","2","dbcc","0","2508","0","9900AABBCCDDEE19","24.6.2020 12.34.11 +03:00","2020-06-24T12:34:11+03:00"
"3268","2","99aa","0","2644","0","9900AABBCCDDEE19","24.6.2020 12.34.11 +03:00","2020-06-24T12:34:11+03:00"
"3268","2","f43d","0","3212","0","9900AABBCCDDEE19","24.6.2020 12.34.11 +03:00","2020-06-24T12:34:11+03:00"
"3268","3","72f5","0","0","-66","9900AABBCCDDEE19","24.6.2020 12.33.02 +03:00","2020-06-24T12:33:02+03:00"
"3268","3","490f","29","0","-81","9900AABBCCDDEE19","24.6.2020 12.33.02 +03:00","2020-06-24T12:33:02+03:00"
"3268","3","c942","14","0","-76","9900AABBCCDDEE19","24.6.2020 12.33.02 +03:00","2020-06-24T12:33:02+03:00"
"3268","3","0c6d","2","0","-91","9900AABBCCDDEE19","24.6.2020 12.33.02 +03:00","2020-06-24T12:33:02+03:00"
"3268","3","c584","0","0","-70","9900AABBCCDDEE19","24.6.2020 12.33.02 +03:00","2020-06-24T12:33:02+03:00"
"3268","3","dbcc","0","0","-71","9900AABBCCDDEE19","24.6.2020 12.33.02 +03:00","2020-06-24T12:33:02+03:00"
"3268","3","99aa","0","0","-72","9900AABBCCDDEE19","24.6.2020 12.33.02 +03:00","2020-06-24T12:33:02+03:00"
"3268","3","f43d","0","0","-74","9900AABBCCDDEE19","24.6.2020 12.33.02 +03:00","2020-06-24T12:33:02+03:00"
"3268","4","72f5","0","2412","0","9900AABBCCDDEE19","24.6.2020 12.31.53 +03:00","2020-06-24T12:31:53+03:00"
"3268","4","490f","20","2860","0","9900AABBCCDDEE19","24.6.2020 12.31.53 +03:00","2020-06-24T12:31:53+03:00"
"3268","4","c942","6","2396","0","9900AABBCCDDEE19","24.6.2020 12.31.53 +03:00","2020-06-24T12:31:53+03:00"
"3268","4","0c6d","9","2500","0","9900AABBCCDDEE19","24.6.2020 12.31.53 +03:00","2020-06-24T12:31:53+03:00"
"3268","4","c584","0","2500","0","9900AABBCCDDEE19","24.6.2020 12.31.53 +03:00","2020-06-24T12:31:53+03:00"
"3268","4","dbcc","0","2500","0","9900AABBCCDDEE19","24.6.2020 12.31.53 +03:00","2020-06-24T12:31:53+03:00"
"3268","4","99aa","0","2636","0","9900AABBCCDDEE19","24.6.2020 12.31.53 +03:00","2020-06-24T12:31:53+03:00"
"3268","4","f43d","0","3204","0","9900AABBCCDDEE19","24.6.2020 12.31.53 +03:00","2020-06-24T12:31:53+03:00"
"3268","2","72f5","0","0","-66","9900AABBCCDDEE19","24.6.2020 12.30.44 +03:00","2020-06-24T12:30:44+03:00"
"3268","2","c942","0","0","-77","9900AABBCCDDEE19","24.6.2020 12.30.44 +03:00","2020-06-24T12:30:44+03:00"
"3268","2","0c6d","2","0","-81","9900AABBCCDDEE19","24.6.2020 12.30.44 +03:00","2020-06-24T12:30:44+03:00"
"3268","2","c584","0","0","-67","9900AABBCCDDEE19","24.6.2020 12.30.44 +03:00","2020-06-24T12:30:44+03:00"
"3268","2","dbcc","0","0","-72","9900AABBCCDDEE19","24.6.2020 12.30.44 +03:00","2020-06-24T12:30:44+03:00"
"3268","2","99aa","0","0","-72","9900AABBCCDDEE19","24.6.2020 12.30.44 +03:00","2020-06-24T12:30:44+03:00"
"3268","2","f43d","0","0","-78","9900AABBCCDDEE19","24.6.2020 12.30.44 +03:00","2020-06-24T12:30:44+03:00"
"3268","3","490f","12","2868","0","9900AABBCCDDEE19","24.6.2020 12.29.35 +03:00","2020-06-24T12:29:35+03:00"
"3268","3","c942","14","2388","0","9900AABBCCDDEE19","24.6.2020 12.29.35 +03:00","2020-06-24T12:29:35+03:00"
"3268","3","0c6d","7","2508","0","9900AABBCCDDEE19","24.6.2020 12.29.35 +03:00","2020-06-24T12:29:35+03:00"
"3268","3","c584","0","2492","0","9900AABBCCDDEE19","24.6.2020 12.29.35 +03:00","2020-06-24T12:29:35+03:00"
"3268","3","dbcc","0","2516","0","9900AABBCCDDEE19","24.6.2020 12.29.35 +03:00","2020-06-24T12:29:35+03:00"
"3268","3","99aa","0","2628","0","9900AABBCCDDEE19","24.6.2020 12.29.35 +03:00","2020-06-24T12:29:35+03:00"
"3268","3","f43d","0","3204","0","9900AABBCCDDEE19","24.6.2020 12.29.35 +03:00","2020-06-24T12:29:35+03:00"
"3268","3","490f","0","0","-78","9900AABBCCDDEE19","24.6.2020 12.28.26 +03:00","2020-06-24T12:28:26+03:00"
"3268","3","c942","35","0","-75","9900AABBCCDDEE19","24.6.2020 12.28.26 +03:00","2020-06-24T12:28:26+03:00"
"3268","3","0c6d","13","0","-81","9900AABBCCDDEE19","24.6.2020 12.28.26 +03:00","2020-06-24T12:28:26+03:00"
"3268","3","c584","0","0","-68","9900AABBCCDDEE19","24.6.2020 12.28.26 +03:00","2020-06-24T12:28:26+03:00"
"3268","3","dbcc","0","0","-72","9900AABBCCDDEE19","24.6.2020 12.28.26 +03:00","2020-06-24T12:28:26+03:00"
"3268","3","99aa","0","0","-72","9900AABBCCDDEE19","24.6.2020 12.28.26 +03:00","2020-06-24T12:28:26+03:00"
"3268","3","f43d","0","0","-83","9900AABBCCDDEE19","24.6.2020 12.28.26 +03:00","2020-06-24T12:28:26+03:00"
"3268","4","72f5","0","2436","0","9900AABBCCDDEE19","24.6.2020 12.27.17 +03:00","2020-06-24T12:27:17+03:00"
"3268","4","490f","0","2868","0","9900AABBCCDDEE19","24.6.2020 12.27.17 +03:00","2020-06-24T12:27:17+03:00"
"3268","4","c942","26","2396","0","9900AABBCCDDEE19","24.6.2020 12.27.17 +03:00","2020-06-24T12:27:17+03:00"
"3268","4","0c6d","31","2516","0","9900AABBCCDDEE19","24.6.2020 12.27.17 +03:00","2020-06-24T12:27:17+03:00"
"3268","4","c584","0","2500","0","9900AABBCCDDEE19","24.6.2020 12.27.17 +03:00","2020-06-24T12:27:17+03:00"
"3268","4","dbcc","0","2516","0","9900AABBCCDDEE19","24.6.2020 12.27.17 +03:00","2020-06-24T12:27:17+03:00"
"3268","4","99aa","0","2628","0","9900AABBCCDDEE19","24.6.2020 12.27.17 +03:00","2020-06-24T12:27:17+03:00"
"3268","4","f43d","0","3204","0","9900AABBCCDDEE19","24.6.2020 12.27.17 +03:00","2020-06-24T12:27:17+03:00"
"3268","7","72f5","22","0","-62","9900AABBCCDDEE19","24.6.2020 12.26.08 +03:00","2020-06-24T12:26:08+03:00"
"3268","7","490f","0","0","-90","9900AABBCCDDEE19","24.6.2020 12.26.08 +03:00","2020-06-24T12:26:08+03:00"
"3268","7","c942","0","0","-73","9900AABBCCDDEE19","24.6.2020 12.26.08 +03:00","2020-06-24T12:26:08+03:00"
"3268","7","0c6d","49","0","-82","9900AABBCCDDEE19","24.6.2020 12.26.08 +03:00","2020-06-24T12:26:08+03:00"
"3268","7","c584","0","0","-67","9900AABBCCDDEE19","24.6.2020 12.26.08 +03:00","2020-06-24T12:26:08+03:00"
"3268","7","dbcc","0","0","-73","9900AABBCCDDEE19","24.6.2020 12.26.08 +03:00","2020-06-24T12:26:08+03:00"
"3268","7","99aa","63","0","-66","9900AABBCCDDEE19","24.6.2020 12.26.08 +03:00","2020-06-24T12:26:08+03:00"
"3268","1","72f5","5","2436","0","9900AABBCCDDEE19","24.6.2020 12.24.59 +03:00","2020-06-24T12:24:59+03:00"
"3268","1","490f","0","2868","0","9900AABBCCDDEE19","24.6.2020 12.24.59 +03:00","2020-06-24T12:24:59+03:00"
"3268","1","c942","0","2388","0","9900AABBCCDDEE19","24.6.2020 12.24.59 +03:00","2020-06-24T12:24:59+03:00"
"3268","1","0c6d","21","2532","0","9900AABBCCDDEE19","24.6.2020 12.24.59 +03:00","2020-06-24T12:24:59+03:00"
"3268","1","dbcc","0","2524","0","9900AABBCCDDEE19","24.6.2020 12.24.59 +03:00","2020-06-24T12:24:59+03:00"
"3268","1","99aa","0","2628","0","9900AABBCCDDEE19","24.6.2020 12.24.59 +03:00","2020-06-24T12:24:59+03:00"
"3268","3","72f5","30","0","-65","9900AABBCCDDEE19","24.6.2020 12.23.51 +03:00","2020-06-24T12:23:51+03:00"
"3268","3","490f","0","0","-82","9900AABBCCDDEE19","24.6.2020 12.23.51 +03:00","2020-06-24T12:23:51+03:00"
"3268","3","c942","0","0","-74","9900AABBCCDDEE19","24.6.2020 12.23.51 +03:00","2020-06-24T12:23:51+03:00"
"3268","3","c584","0","0","-66","9900AABBCCDDEE19","24.6.2020 12.23.51 +03:00","2020-06-24T12:23:51+03:00"
"3268","3","99aa","32","0","-72","9900AABBCCDDEE19","24.6.2020 12.23.51 +03:00","2020-06-24T12:23:51+03:00"
"3268","3","f43d","0","0","-73","9900AABBCCDDEE19","24.6.2020 12.23.51 +03:00","2020-06-24T12:23:51+03:00"
"3268","4","72f5","0","2444","0","9900AABBCCDDEE19","24.6.2020 12.22.42 +03:00","2020-06-24T12:22:42+03:00"
"3268","4","490f","0","2868","0","9900AABBCCDDEE19","24.6.2020 12.22.42 +03:00","2020-06-24T12:22:42+03:00"
"3268","4","c942","0","2396","0","9900AABBCCDDEE19","24.6.2020 12.22.42 +03:00","2020-06-24T12:22:42+03:00"
"3268","4","0c6d","48","2516","0","9900AABBCCDDEE19","24.6.2020 12.22.42 +03:00","2020-06-24T12:22:42+03:00"
"3268","4","c584","0","2492","0","9900AABBCCDDEE19","24.6.2020 12.22.42 +03:00","2020-06-24T12:22:42+03:00"
"3268","4","99aa","32","2628","0","9900AABBCCDDEE19","24.6.2020 12.22.42 +03:00","2020-06-24T12:22:42+03:00"
"3268","4","f43d","74","3204","0","9900AABBCCDDEE19","24.6.2020 12.22.42 +03:00","2020-06-24T12:22:42+03:00"
"3268","2","72f5","0","0","-69","9900AABBCCDDEE19","24.6.2020 12.21.33 +03:00","2020-06-24T12:21:33+03:00"
"3268","2","490f","0","0","-80","9900AABBCCDDEE19","24.6.2020 12.21.33 +03:00","2020-06-24T12:21:33+03:00"
"3268","2","c942","0","0","-74","9900AABBCCDDEE19","24.6.2020 12.21.33 +03:00","2020-06-24T12:21:33+03:00"
"3268","2","0c6d","5","0","-82","9900AABBCCDDEE19","24.6.2020 12.21.33 +03:00","2020-06-24T12:21:33+03:00"
"3268","2","dbcc","61","0","-73","9900AABBCCDDEE19","24.6.2020 12.21.33 +03:00","2020-06-24T12:21:33+03:00"
"3268","2","99aa","11","0","-70","9900AABBCCDDEE19","24.6.2020 12.21.33 +03:00","2020-06-24T12:21:33+03:00"
"3260","5","72f5","0","2436","0","9900AABBCCDDEE19","24.6.2020 12.20.24 +03:00","2020-06-24T12:20:24+03:00"
"3260","5","490f","0","2868","0","9900AABBCCDDEE19","24.6.2020 12.20.24 +03:00","2020-06-24T12:20:24+03:00"
"3260","5","c942","0","2388","0","9900AABBCCDDEE19","24.6.2020 12.20.24 +03:00","2020-06-24T12:20:24+03:00"
"3260","5","c584","0","2492","0","9900AABBCCDDEE19","24.6.2020 12.20.24 +03:00","2020-06-24T12:20:24+03:00"
"3260","5","99aa","0","2652","0","9900AABBCCDDEE19","24.6.2020 12.20.24 +03:00","2020-06-24T12:20:24+03:00"
"3268","2","72f5","0","0","-64","9900AABBCCDDEE19","24.6.2020 12.19.16 +03:00","2020-06-24T12:19:16+03:00"
"3268","2","490f","0","0","-80","9900AABBCCDDEE19","24.6.2020 12.19.16 +03:00","2020-06-24T12:19:16+03:00"
"3268","2","c942","29","0","-76","9900AABBCCDDEE19","24.6.2020 12.19.16 +03:00","2020-06-24T12:19:16+03:00"
"3268","2","0c6d","17","0","-78","9900AABBCCDDEE19","24.6.2020 12.19.16 +03:00","2020-06-24T12:19:16+03:00"
"3268","2","dbcc","49","0","-68","9900AABBCCDDEE19","24.6.2020 12.19.16 +03:00","2020-06-24T12:19:16+03:00"
"3268","2","99aa","0","0","-69","9900AABBCCDDEE19","24.6.2020 12.19.16 +03:00","2020-06-24T12:19:16+03:00"
"3268","2","f43d","24","0","-70","9900AABBCCDDEE19","24.6.2020 12.19.16 +03:00","2020-06-24T12:19:16+03:00"
"3268","3","490f","0","2868","0","9900AABBCCDDEE19","24.6.2020 12.18.07 +03:00","2020-06-24T12:18:07+03:00"
"3268","3","0c6d","34","2500","0","9900AABBCCDDEE19","24.6.2020 12.18.07 +03:00","2020-06-24T12:18:07+03:00"
"3268","3","c584","0","2492","0","9900AABBCCDDEE19","24.6.2020 12.18.07 +03:00","2020-06-24T12:18:07+03:00"
"3268","3","dbcc","29","2516","0","9900AABBCCDDEE19","24.6.2020 12.18.07 +03:00","2020-06-24T12:18:07+03:00"
"3268","3","99aa","0","2644","0","9900AABBCCDDEE19","24.6.2020 12.18.07 +03:00","2020-06-24T12:18:07+03:00"
"3268","3","f43d","28","3204","0","9900AABBCCDDEE19","24.6.2020 12.18.07 +03:00","2020-06-24T12:18:07+03:00"
"3268","3","72f5","0","0","-66","9900AABBCCDDEE19","24.6.2020 12.16.58 +03:00","2020-06-24T12:16:58+03:00"
"3268","3","490f","0","0","-79","9900AABBCCDDEE19","24.6.2020 12.16.58 +03:00","2020-06-24T12:16:58+03:00"
"3268","3","c942","7","0","-73","9900AABBCCDDEE19","24.6.2020 12.16.58 +03:00","2020-06-24T12:16:58+03:00"
"3268","3","0c6d","0","0","-90","9900AABBCCDDEE19","24.6.2020 12.16.58 +03:00","2020-06-24T12:16:58+03:00"
"3268","3","c584","0","0","-65","9900AABBCCDDEE19","24.6.2020 12.16.58 +03:00","2020-06-24T12:16:58+03:00"
"3268","3","dbcc","25","0","-70","9900AABBCCDDEE19","24.6.2020 12.16.58 +03:00","2020-06-24T12:16:58+03:00"
"3268","3","99aa","0","0","-69","9900AABBCCDDEE19","24.6.2020 12.16.58 +03:00","2020-06-24T12:16:58+03:00"
"3268","5","72f5","0","2436","0","9900AABBCCDDEE19","24.6.2020 12.15.49 +03:00","2020-06-24T12:15:49+03:00"
"3268","5","490f","0","2868","0","9900AABBCCDDEE19","24.6.2020 12.15.49 +03:00","2020-06-24T12:15:49+03:00"
"3268","5","0c6d","37","2500","0","9900AABBCCDDEE19","24.6.2020 12.15.49 +03:00","2020-06-24T12:15:49+03:00"
"3268","5","c584","27","2484","0","9900AABBCCDDEE19","24.6.2020 12.15.49 +03:00","2020-06-24T12:15:49+03:00"
"3268","5","dbcc","4","2516","0","9900AABBCCDDEE19","24.6.2020 12.15.49 +03:00","2020-06-24T12:15:49+03:00"
"3268","5","99aa","0","2644","0","9900AABBCCDDEE19","24.6.2020 12.15.49 +03:00","2020-06-24T12:15:49+03:00"
"3268","5","f43d","37","3204","0","9900AABBCCDDEE19","24.6.2020 12.15.49 +03:00","2020-06-24T12:15:49+03:00"
"3268","4","72f5","0","0","-65","9900AABBCCDDEE19","24.6.2020 12.14.40 +03:00","2020-06-24T12:14:40+03:00"
"3268","4","490f","0","0","-77","9900AABBCCDDEE19","24.6.2020 12.14.40 +03:00","2020-06-24T12:14:40+03:00"
"3268","4","c942","0","0","-85","9900AABBCCDDEE19","24.6.2020 12.14.40 +03:00","2020-06-24T12:14:40+03:00"
"3268","4","0c6d","13","0","-80","9900AABBCCDDEE19","24.6.2020 12.14.40 +03:00","2020-06-24T12:14:40+03:00"
"3268","4","c584","17","0","-67","9900AABBCCDDEE19","24.6.2020 12.14.40 +03:00","2020-06-24T12:14:40+03:00"
"3268","4","dbcc","0","0","-71","9900AABBCCDDEE19","24.6.2020 12.14.40 +03:00","2020-06-24T12:14:40+03:00"
"3268","4","99aa","42","0","-64","9900AABBCCDDEE19","24.6.2020 12.14.40 +03:00","2020-06-24T12:14:40+03:00"
"3268","4","f43d","52","0","-77","9900AABBCCDDEE19","24.6.2020 12.14.40 +03:00","2020-06-24T12:14:40+03:00"
"3268","8","72f5","0","2436","0","9900AABBCCDDEE19","24.6.2020 12.13.31 +03:00","2020-06-24T12:13:31+03:00"
"3268","8","0c6d","49","2500","0","9900AABBCCDDEE19","24.6.2020 12.13.31 +03:00","2020-06-24T12:13:31+03:00"
"3268","8","c584","0","2492","0","9900AABBCCDDEE19","24.6.2020 12.13.31 +03:00","2020-06-24T12:13:31+03:00"
"3268","8","dbcc","0","2508","0","9900AABBCCDDEE19","24.6.2020 12.13.31 +03:00","2020-06-24T12:13:31+03:00"
"3268","8","f43d","0","3196","0","9900AABBCCDDEE19","24.6.2020 12.13.31 +03:00","2020-06-24T12:13:31+03:00"
"3268","5","72f5","0","0","-66","9900AABBCCDDEE19","24.6.2020 12.12.22 +03:00","2020-06-24T12:12:22+03:00"
"3268","5","490f","0","0","-76","9900AABBCCDDEE19","24.6.2020 12.12.22 +03:00","2020-06-24T12:12:22+03:00"
"3268","5","c942","0","0","-80","9900AABBCCDDEE19","24.6.2020 12.12.22 +03:00","2020-06-24T12:12:22+03:00"
"3268","5","0c6d","51","0","-78","9900AABBCCDDEE19","24.6.2020 12.12.22 +03:00","2020-06-24T12:12:22+03:00"
"3268","5","c584","0","0","-67","9900AABBCCDDEE19","24.6.2020 12.12.22 +03:00","2020-06-24T12:12:22+03:00"
"3268","5","dbcc","0","0","-72","9900AABBCCDDEE19","24.6.2020 12.12.22 +03:00","2020-06-24T12:12:22+03:00"
"3268","5","99aa","0","0","-69","9900AABBCCDDEE19","24.6.2020 12.12.22 +03:00","2020-06-24T12:12:22+03:00"
"3268","5","f43d","0","0","-73","9900AABBCCDDEE19","24.6.2020 12.12.22 +03:00","2020-06-24T12:12:22+03:00"
"3268","3","72f5","69","2436","0","9900AABBCCDDEE19","24.6.2020 12.11.14 +03:00","2020-06-24T12:11:14+03:00"
"3268","3","c942","0","2412","0","9900AABBCCDDEE19","24.6.2020 12.11.14 +03:00","2020-06-24T12:11:14+03:00"
"3268","3","0c6d","46","2500","0","9900AABBCCDDEE19","24.6.2020 12.11.14 +03:00","2020-06-24T12:11:14+03:00"
"3268","3","c584","36","2484","0","9900AABBCCDDEE19","24.6.2020 12.11.14 +03:00","2020-06-24T12:11:14+03:00"
"3268","3","dbcc","0","2516","0","9900AABBCCDDEE19","24.6.2020 12.11.14 +03:00","2020-06-24T12:11:14+03:00"
"3268","3","99aa","19","2636","0","9900AABBCCDDEE19","24.6.2020 12.11.14 +03:00","2020-06-24T12:11:14+03:00"
"3268","3","f43d","0","3204","0","9900AABBCCDDEE19","24.6.2020 12.11.14 +03:00","2020-06-24T12:11:14+03:00"
"3268","5","c942","0","0","-79","9900AABBCCDDEE19","24.6.2020 12.10.05 +03:00","2020-06-24T12:10:05+03:00"
"3268","5","0c6d","38","0","-76","9900AABBCCDDEE19","24.6.2020 12.10.05 +03:00","2020-06-24T12:10:05+03:00"
"3268","5","c584","52","0","-68","9900AABBCCDDEE19","24.6.2020 12.10.05 +03:00","2020-06-24T12:10:05+03:00"
"3268","5","dbcc","0","0","-70","9900AABBCCDDEE19","24.6.2020 12.10.05 +03:00","2020-06-24T12:10:05+03:00"
"3268","5","99aa","0","0","-72","9900AABBCCDDEE19","24.6.2020 12.10.05 +03:00","2020-06-24T12:10:05+03:00"
"3268","4","72f5","0","2436","0","9900AABBCCDDEE19","24.6.2020 12.08.56 +03:00","2020-06-24T12:08:56+03:00"
"3268","4","490f","17","2852","0","9900AABBCCDDEE19","24.6.2020 12.08.56 +03:00","2020-06-24T12:08:56+03:00"
"3268","4","c942","0","2396","0","9900AABBCCDDEE19","24.6.2020 12.08.56 +03:00","2020-06-24T12:08:56+03:00"
"3268","4","0c6d","3","2460","0","9900AABBCCDDEE19","24.6.2020 12.08.56 +03:00","2020-06-24T12:08:56+03:00"
"3268","4","dbcc","0","2516","0","9900AABBCCDDEE19","24.6.2020 12.08.56 +03:00","2020-06-24T12:08:56+03:00"
"3268","4","f43d","0","3212","0","9900AABBCCDDEE19","24.6.2020 12.08.56 +03:00","2020-06-24T12:08:56+03:00"
"3268","1","72f5","0","0","-65","9900AABBCCDDEE19","24.6.2020 12.07.47 +03:00","2020-06-24T12:07:47+03:00"
"3268","1","490f","0","0","-85","9900AABBCCDDEE19","24.6.2020 12.07.47 +03:00","2020-06-24T12:07:47+03:00"
"3268","1","c942","0","0","-78","9900AABBCCDDEE19","24.6.2020 12.07.47 +03:00","2020-06-24T12:07:47+03:00"
"3268","1","0c6d","14","0","-73","9900AABBCCDDEE19","24.6.2020 12.07.47 +03:00","2020-06-24T12:07:47+03:00"
"3268","1","c584","89","0","-75","9900AABBCCDDEE19","24.6.2020 12.07.47 +03:00","2020-06-24T12:07:47+03:00"
"3268","1","dbcc","0","0","-70","9900AABBCCDDEE19","24.6.2020 12.07.47 +03:00","2020-06-24T12:07:47+03:00"
"3268","1","99aa","0","0","-71","9900AABBCCDDEE19","24.6.2020 12.07.47 +03:00","2020-06-24T12:07:47+03:00"
"3268","1","f43d","0","0","-69","9900AABBCCDDEE19","24.6.2020 12.07.47 +03:00","2020-06-24T12:07:47+03:00"
"3268","6","72f5","0","2420","0","9900AABBCCDDEE19","24.6.2020 12.06.38 +03:00","2020-06-24T12:06:38+03:00"
"3268","6","490f","20","2868","0","9900AABBCCDDEE19","24.6.2020 12.06.38 +03:00","2020-06-24T12:06:38+03:00"
"3268","6","c942","0","2404","0","9900AABBCCDDEE19","24.6.2020 12.06.38 +03:00","2020-06-24T12:06:38+03:00"
"3268","6","0c6d","20","2492","0","9900AABBCCDDEE19","24.6.2020 12.06.38 +03:00","2020-06-24T12:06:38+03:00"
"3268","6","dbcc","0","2508","0","9900AABBCCDDEE19","24.6.2020 12.06.38 +03:00","2020-06-24T12:06:38+03:00"
"3268","6","99aa","0","2636","0","9900AABBCCDDEE19","24.6.2020 12.06.38 +03:00","2020-06-24T12:06:38+03:00"
"3268","6","f43d","0","3204","0","9900AABBCCDDEE19","24.6.2020 12.06.38 +03:00","2020-06-24T12:06:38+03:00"
"3268","6","72f5","0","0","-64","9900AABBCCDDEE19","24.6.2020 12.05.29 +03:00","2020-06-24T12:05:29+03:00"
"3268","6","490f","6","0","-77","9900AABBCCDDEE19","24.6.2020 12.05.29 +03:00","2020-06-24T12:05:29+03:00"
"3268","6","c942","0","0","-79","9900AABBCCDDEE19","24.6.2020 12.05.29 +03:00","2020-06-24T12:05:29+03:00"
"3268","6","0c6d","18","0","-74","9900AABBCCDDEE19","24.6.2020 12.05.29 +03:00","2020-06-24T12:05:29+03:00"
"3268","6","c584","83","0","-78","9900AABBCCDDEE19","24.6.2020 12.05.29 +03:00","2020-06-24T12:05:29+03:00"
"3268","6","dbcc","0","0","-68","9900AABBCCDDEE19","24.6.2020 12.05.29 +03:00","2020-06-24T12:05:29+03:00"
"3268","6","99aa","0","0","-71","9900AABBCCDDEE19","24.6.2020 12.05.29 +03:00","2020-06-24T12:05:29+03:00"
"3268","6","f43d","0","0","-68","9900AABBCCDDEE19","24.6.2020 12.05.29 +03:00","2020-06-24T12:05:29+03:00"
"3268","3","72f5","0","2428","0","9900AABBCCDDEE19","24.6.2020 12.04.21 +03:00","2020-06-24T12:04:21+03:00"
"3268","3","490f","9","2860","0","9900AABBCCDDEE19","24.6.2020 12.04.21 +03:00","2020-06-24T12:04:21+03:00"
"3268","3","c942","0","2388","0","9900AABBCCDDEE19","24.6.2020 12.04.21 +03:00","2020-06-24T12:04:21+03:00"
"3268","3","0c6d","33","2484","0","9900AABBCCDDEE19","24.6.2020 12.04.21 +03:00","2020-06-24T12:04:21+03:00"
"3268","3","c584","51","2476","0","9900AABBCCDDEE19","24.6.2020 12.04.21 +03:00","2020-06-24T12:04:21+03:00"
"3268","3","dbcc","0","2508","0","9900AABBCCDDEE19","24.6.2020 12.04.21 +03:00","2020-06-24T12:04:21+03:00"
"3268","3","99aa","5","2644","0","9900AABBCCDDEE19","24.6.2020 12.04.21 +03:00","2020-06-24T12:04:21+03:00"
"3268","3","f43d","0","3204","0","9900AABBCCDDEE19","24.6.2020 12.04.21 +03:00","2020-06-24T12:04:21+03:00"
"3268","3","490f","0","0","-80","9900AABBCCDDEE19","24.6.2020 12.03.12 +03:00","2020-06-24T12:03:12+03:00"
"3268","3","c942","11","0","-78","9900AABBCCDDEE19","24.6.2020 12.03.12 +03:00","2020-06-24T12:03:12+03:00"
"3268","3","0c6d","0","0","-73","9900AABBCCDDEE19","24.6.2020 12.03.12 +03:00","2020-06-24T12:03:12+03:00"
"3268","3","c584","12","0","-73","9900AABBCCDDEE19","24.6.2020 12.03.12 +03:00","2020-06-24T12:03:12+03:00"
"3268","3","dbcc","0","0","-70","9900AABBCCDDEE19","24.6.2020 12.03.12 +03:00","2020-06-24T12:03:12+03:00"
"3268","3","99aa","0","0","-71","9900AABBCCDDEE19","24.6.2020 12.03.12 +03:00","2020-06-24T12:03:12+03:00"
"3268","3","f43d","0","0","-65","9900AABBCCDDEE19","24.6.2020 12.03.12 +03:00","2020-06-24T12:03:12+03:00"
"3268","3","72f5","0","2428","0","9900AABBCCDDEE19","24.6.2020 12.02.03 +03:00","2020-06-24T12:02:03+03:00"
"3268","3","490f","0","2868","0","9900AABBCCDDEE19","24.6.2020 12.02.03 +03:00","2020-06-24T12:02:03+03:00"
"3268","3","c942","44","2388","0","9900AABBCCDDEE19","24.6.2020 12.02.03 +03:00","2020-06-24T12:02:03+03:00"
"3268","3","0c6d","0","2468","0","9900AABBCCDDEE19","24.6.2020 12.02.03 +03:00","2020-06-24T12:02:03+03:00"
"3268","3","c584","61","2476","0","9900AABBCCDDEE19","24.6.2020 12.02.03 +03:00","2020-06-24T12:02:03+03:00"
"3268","3","dbcc","0","2500","0","9900AABBCCDDEE19","24.6.2020 12.02.03 +03:00","2020-06-24T12:02:03+03:00"
"3268","3","99aa","0","2636","0","9900AABBCCDDEE19","24.6.2020 12.02.03 +03:00","2020-06-24T12:02:03+03:00"
"3268","3","f43d","0","3204","0","9900AABBCCDDEE19","24.6.2020 12.02.03 +03:00","2020-06-24T12:02:03+03:00"
