timestamp,temperature,humidity,pressure,rssi,acceleration x,acceleration y,acceleration z,voltage,movement counter,measurement sequence number
2020-07-07T12:30:03+0300,20.07,58.33,1002.66,-77,-0.352,-0.956,-0.128,2.251,62,13458
2020-07-07T12:30:08+0300,20.1,58.37,1002.7,-86,-0.356,-0.96,-0.124,2.251,62,14738
2020-07-07T12:30:15+0300,20.13,58.38,1002.75,-77,-0.352,-0.952,-0.132,2.251,62,16018
2020-07-07T12:30:21+0300,20.15,58.42,1002.78,-86,-0.36,-0.952,-0.124,2.251,62,17042
2020-07-07T12:30:27+0300,20.19,58.45,1002.82,-79,-0.36,-0.956,-0.132,2.257,62,18578
2020-07-07T12:30:35+0300,20.21,58.47,1002.84,-75,-0.364,-0.956,-0.132,2.257,62,20114
2020-07-07T12:30:41+0300,20.23,58.48,1002.85,-74,-0.356,-0.956,-0.136,2.257,62,21138
2020-07-07T12:30:48+0300,20.26,58.51,1002.87,-78,-0.36,-0.956,-0.136,2.257,62,22418
2020-07-07T12:30:53+0300,20.28,58.52,1002.88,-78,-0.352,-0.96,-0.128,2.257,62,23698
2020-07-07T12:30:59+0300,20.3,58.56,1002.88,-75,-0.356,-0.952,-0.128,2.257,62,24722
2020-07-07T12:31:04+0300,20.32,58.58,1002.89,-73,-0.348,-0.956,-0.128,2.257,62,25746
2020-07-07T12:31:10+0300,20.34,58.57,1002.91,-84,-0.352,-0.952,-0.136,2.257,62,27026
2020-07-07T12:31:17+0300,20.37,58.59,1002.93,-81,-0.352,-0.948,-0.128,2.263,62,28562
2020-07-07T12:31:22+0300,20.38,58.57,1002.94,-87,-0.356,-0.952,-0.128,2.263,62,29586
2020-07-07T12:31:31+0300,20.42,58.59,1002.94,-85,-0.364,-0.948,-0.124,2.263,62,31378
2020-07-07T12:31:37+0300,20.44,58.6,1002.94,-85,-0.352,-0.956,-0.132,2.263,62,32658
2020-07-07T12:31:43+0300,20.46,58.64,1002.94,-78,-0.36,-0.952,-0.128,2.263,62,33682
2020-07-07T12:31:52+0300,20.49,58.6,1002.94,-82,-0.36,-0.96,-0.132,2.257,62,35474
2020-07-07T12:32:01+0300,20.52,58.61,1002.93,-69,-0.352,-0.956,-0.132,2.263,62,37266
2020-07-07T12:32:13+0300,20.57,58.49,1002.91,-78,-0.356,-0.96,-0.132,2.263,62,39826
2020-07-07T12:32:18+0300,20.58,58.45,1002.9,-82,-0.36,-0.96,-0.132,2.263,62,40850
2020-07-07T12:32:25+0300,20.61,58.41,1002.9,-90,-0.352,-0.952,-0.132,2.263,62,42130
2020-07-07T12:32:34+0300,20.63,58.36,1002.92,-80,-0.36,-0.952,-0.128,2.269,62,43922
2020-07-07T12:32:42+0300,20.65,58.33,1002.92,-100,-0.36,-0.956,-0.132,2.269,62,45458
2020-07-07T12:32:53+0300,20.68,58.28,1002.92,-91,-0.356,-0.956,-0.128,2.263,62,47762
2020-07-07T12:33:00+0300,20.7,58.24,1002.92,-81,-0.348,-0.956,-0.132,2.275,62,49042
2020-07-07T12:33:06+0300,20.71,58.23,1002.91,-71,-0.356,-0.956,-0.136,2.275,62,50322
2020-07-07T12:33:12+0300,20.73,58.16,1002.9,-70,-0.352,-0.956,-0.128,2.269,62,51602
2020-07-07T12:33:19+0300,20.74,58.12,1002.89,-63,-0.356,-0.956,-0.128,2.275,62,52882
2020-07-07T12:33:25+0300,20.75,58.07,1002.9,-74,-0.356,-0.96,-0.124,2.275,62,54162
2020-07-07T12:33:33+0300,20.76,58.02,1002.91,-67,-0.356,-0.952,-0.128,2.275,62,55698
2020-07-07T12:33:38+0300,20.78,57.97,1002.93,-70,-0.356,-0.96,-0.132,2.275,62,56722
2020-07-07T12:33:45+0300,20.79,57.94,1002.93,-67,-0.356,-0.96,-0.128,2.281,62,58002
2020-07-07T12:33:54+0300,20.8,57.91,1002.93,-72,-0.364,-0.964,-0.132,2.281,62,59794
2020-07-07T12:34:00+0300,20.81,57.9,1002.93,-58,-0.36,-0.956,-0.136,2.281,62,61074
2020-07-07T12:34:06+0300,20.83,57.88,1002.92,-67,-0.36,-0.96,-0.128,2.281,62,62354
2020-07-07T12:34:14+0300,20.84,57.8,1002.94,-89,-0.356,-0.956,-0.136,2.281,62,63890
2020-07-07T12:34:22+0300,20.86,57.8,1002.95,-79,-0.356,-0.956,-0.128,2.281,62,65426
2020-07-07T12:34:34+0300,20.89,57.78,1002.95,-94,-0.356,-0.956,-0.132,2.281,62,2451
2020-07-07T12:34:52+0300,20.93,57.67,1002.92,-83,-0.348,-0.96,-0.132,2.281,62,6035
2020-07-07T12:35:07+0300,20.96,57.55,1002.89,-94,-0.356,-0.952,-0.14,2.293,62,8851
2020-07-07T12:35:22+0300,20.98,57.46,1002.91,-72,-0.356,-0.952,-0.132,2.287,62,11923
2020-07-07T12:35:37+0300,20.99,57.43,1002.92,-71,-0.352,-0.956,-0.128,2.287,62,14995
2020-07-07T12:35:52+0300,21.01,57.36,1002.91,-76,-0.356,-0.956,-0.124,2.287,62,17555
2020-07-07T12:36:07+0300,21.03,57.35,1002.94,-66,-0.36,-0.96,-0.14,2.287,62,20883
2020-07-07T12:36:22+0300,21.05,57.34,1002.94,-71,-0.352,-0.956,-0.132,2.287,62,23699
2020-07-07T12:36:37+0300,21.08,57.31,1002.95,-81,-0.356,-0.96,-0.132,2.293,62,26771
2020-07-07T12:36:52+0300,21.1,57.26,1002.93,-71,-0.352,-0.96,-0.128,2.281,62,29843
2020-07-07T12:37:07+0300,21.13,57.16,1002.92,-70,-0.356,-0.956,-0.128,2.287,62,33171
2020-07-07T12:37:22+0300,21.15,57.2,1002.94,-72,-0.352,-0.948,-0.136,2.287,62,35987
2020-07-07T12:37:37+0300,21.18,57.13,1002.95,-69,-0.356,-0.96,-0.132,2.293,62,39059
2020-07-07T12:37:52+0300,21.21,57.07,1002.97,-69,-0.352,-0.956,-0.132,2.281,62,42131
2020-07-07T12:38:07+0300,21.23,57.05,1002.96,-74,-0.36,-0.964,-0.124,2.299,62,44947
2020-07-07T12:38:22+0300,21.25,56.93,1002.96,-73,-0.36,-0.96,-0.12,2.305,62,47763
2020-07-07T12:38:37+0300,21.27,56.88,1002.97,-72,-0.352,-0.96,-0.128,2.305,62,51091
2020-07-07T12:38:52+0300,21.28,56.85,1002.98,-68,-0.348,-0.96,-0.128,2.299,62,53907
2020-07-07T12:39:07+0300,21.3,56.82,1002.95,-71,-0.356,-0.956,-0.136,2.305,62,56979
2020-07-07T12:39:22+0300,21.31,56.72,1002.94,-73,-0.348,-0.956,-0.132,2.299,62,60051
2020-07-07T12:39:37+0300,21.32,56.68,1002.96,-84,-0.352,-0.952,-0.124,2.305,62,62611
2020-07-07T12:39:52+0300,21.33,56.65,1002.95,-80,-0.352,-0.96,-0.132,2.305,62,404
2020-07-07T13:00:07+0300,22.18,54.92,1003.09,-79,-0.348,-0.952,-0.124,2.335,83,46999
2020-07-07T13:00:22+0300,22.18,54.9,1003.11,-72,-0.36,-0.964,-0.128,2.335,83,50071
2020-07-07T13:00:37+0300,22.19,54.89,1003.1,-76,-0.356,-0.96,-0.132,2.335,83,52887
2020-07-07T13:00:52+0300,22.19,54.87,1003.1,-65,-0.356,-0.96,-0.132,2.341,83,55703
2020-07-07T13:01:07+0300,22.19,54.84,1003.09,-66,-0.356,-0.96,-0.132,2.335,83,58519
2020-07-07T13:01:22+0300,22.19,54.79,1003.09,-75,-0.356,-0.956,-0.132,2.341,83,61847
2020-07-07T13:01:37+0300,22.19,54.78,1003.1,-84,-0.352,-0.956,-0.128,2.305,83,64663
2020-07-07T13:01:52+0300,22.2,54.79,1003.1,-87,-0.356,-0.952,-0.128,2.335,83,2456
2020-07-07T13:02:07+0300,22.2,54.77,1003.09,-88,-0.356,-0.952,-0.136,2.341,83,5272
2020-07-07T13:02:22+0300,22.2,54.71,1003.06,-88,-0.348,-0.956,-0.132,2.341,83,8344
2020-07-07T13:02:37+0300,22.2,54.63,1003.07,-97,-0.356,-0.96,-0.136,2.341,83,11416
2020-07-07T13:02:52+0300,22.19,54.66,1003.1,-84,-0.356,-0.96,-0.128,2.335,83,13720
2020-07-07T13:03:07+0300,22.2,54.71,1003.14,-77,-0.356,-0.96,-0.136,2.341,83,17304
2020-07-07T13:03:37+0300,22.21,54.77,1003.15,-76,-0.352,-0.952,-0.136,2.341,83,23192
2020-07-07T13:03:52+0300,22.22,54.82,1003.16,-92,-0.352,-0.956,-0.132,2.341,83,26008
2020-07-07T13:04:07+0300,22.24,54.84,1003.15,-77,-0.352,-0.96,-0.136,2.341,83,29592
2020-07-07T13:04:22+0300,22.26,54.82,1003.14,-90,-0.344,-0.956,-0.136,2.341,83,32408
2020-07-07T13:04:37+0300,22.28,54.84,1003.13,-80,-0.356,-0.96,-0.136,2.347,83,35480
2020-07-07T13:04:52+0300,22.29,54.79,1003.1,-75,-0.352,-0.956,-0.128,2.347,83,38552
2020-07-07T13:05:07+0300,22.3,54.69,1003.08,-77,-0.352,-0.956,-0.136,2.341,83,41368
2020-07-07T13:05:22+0300,22.3,54.6,1003.08,-85,-0.352,-0.96,-0.132,2.347,83,44184
2020-07-07T13:05:37+0300,22.29,54.52,1003.07,-96,-0.352,-0.952,-0.128,2.341,83,47256
2020-07-07T13:05:52+0300,22.28,54.46,1003.09,-94,-0.352,-0.952,-0.132,2.341,83,50328
2020-07-07T13:06:07+0300,22.27,54.48,1003.12,-73,-0.352,-0.956,-0.132,2.317,83,53400
2020-07-07T13:06:15+0300,22.26,54.51,1003.13,-71,-0.352,-0.96,-0.136,2.317,83,54936
2020-07-07T13:06:24+0300,22.26,54.49,1003.14,-78,-0.352,-0.952,-0.128,2.341,83,56216
2020-07-07T13:06:37+0300,22.26,54.51,1003.14,-74,-0.348,-0.952,-0.128,2.347,83,59032
2020-07-07T13:06:52+0300,22.25,54.54,1003.15,-66,-0.352,-0.964,-0.132,2.347,83,62360
2020-07-07T13:07:07+0300,22.25,54.52,1003.14,-73,-0.356,-0.96,-0.14,2.335,83,65432
2020-07-07T13:07:22+0300,22.25,54.52,1003.15,-82,-0.352,-0.952,-0.132,2.347,83,2713
2020-07-07T13:07:37+0300,22.25,54.52,1003.14,-84,-0.348,-0.956,-0.128,2.347,83,5785
2020-07-07T13:07:52+0300,22.24,54.46,1003.11,-85,-0.348,-0.956,-0.128,2.341,83,8857
2020-07-07T13:08:07+0300,22.23,54.44,1003.14,-93,-0.352,-0.956,-0.132,2.341,83,11417
2020-07-07T13:08:22+0300,22.22,54.47,1003.13,-76,-0.352,-0.956,-0.132,2.347,83,14745
2020-07-07T13:08:37+0300,22.21,54.5,1003.16,-74,-0.356,-0.956,-0.128,2.341,83,17561
2020-07-07T13:08:52+0300,22.2,54.54,1003.17,-85,-0.348,-0.956,-0.132,2.341,83,20121
2020-07-07T13:09:07+0300,22.19,54.52,1003.16,-75,-0.356,-0.96,-0.132,2.341,83,23705
2020-07-07T13:09:22+0300,22.17,54.48,1003.15,-77,-0.356,-0.956,-0.136,2.341,83,27033
2020-07-07T13:09:37+0300,22.14,54.47,1003.15,-76,-0.352,-0.96,-0.128,2.341,83,29849
2020-07-07T13:09:52+0300,22.12,54.49,1003.16,-68,-0.36,-0.956,-0.132,2.341,83,32921
2020-07-07T13:10:07+0300,22.1,54.51,1003.16,-76,-0.352,-0.96,-0.132,2.341,83,35737
2020-07-07T13:10:22+0300,22.08,54.48,1003.17,-74,-0.352,-0.952,-0.128,2.341,83,38553
2020-07-07T13:10:37+0300,22.05,54.49,1003.18,-80,-0.352,-0.96,-0.136,2.347,83,41881
2020-07-07T13:10:52+0300,22.03,54.53,1003.21,-74,-0.356,-0.956,-0.136,2.341,83,44697
2020-07-07T13:11:07+0300,22.01,54.54,1003.2,-85,-0.356,-0.956,-0.128,2.347,83,47769
2020-07-07T13:11:22+0300,21.99,54.51,1003.18,-93,-0.352,-0.964,-0.124,2.341,83,50585
2020-07-07T13:11:37+0300,21.97,54.5,1003.2,-80,-0.356,-0.948,-0.128,2.341,83,53913
2020-07-07T13:11:52+0300,21.96,54.5,1003.22,-85,-0.356,-0.956,-0.136,2.341,83,56473
2020-07-07T13:12:07+0300,21.94,54.55,1003.23,-80,-0.352,-0.956,-0.128,2.335,83,59545
2020-07-07T13:12:22+0300,21.93,54.56,1003.25,-70,-0.356,-0.96,-0.132,2.341,83,62873
2020-07-07T13:12:37+0300,21.91,54.58,1003.25,-75,-0.348,-0.956,-0.136,2.347,83,154
2020-07-07T13:12:52+0300,21.9,54.56,1003.23,-64,-0.348,-0.952,-0.132,2.335,83,2970
2020-07-07T13:13:07+0300,21.89,54.56,1003.22,-80,-0.352,-0.96,-0.132,2.341,83,6298
2020-07-07T13:13:22+0300,21.87,54.55,1003.22,-71,-0.348,-0.952,-0.132,2.341,83,9370
2020-07-07T13:13:37+0300,21.85,54.58,1003.22,-66,-0.36,-0.96,-0.132,2.341,83,12186
2020-07-07T13:13:52+0300,21.82,54.54,1003.2,-62,-0.352,-0.956,-0.136,2.341,83,15258
2020-07-07T13:14:07+0300,21.78,54.48,1003.17,-65,-0.36,-0.956,-0.128,2.335,83,18330
2020-07-07T13:14:22+0300,21.75,54.45,1003.18,-75,-0.352,-0.956,-0.128,2.335,83,20890
2020-07-07T13:14:37+0300,21.71,54.45,1003.22,-73,-0.36,-0.956,-0.132,2.341,83,23706
2020-07-07T13:14:52+0300,21.66,54.47,1003.27,-87,-0.344,-0.948,-0.128,2.335,83,27290
2020-07-07T13:15:07+0300,21.62,54.45,1003.25,-87,-0.36,-0.956,-0.128,2.335,83,30106
2020-07-07T13:15:22+0300,21.58,54.42,1003.25,-75,-0.352,-0.96,-0.132,2.335,83,33434
2020-07-07T13:15:37+0300,21.54,54.44,1003.28,-74,-0.348,-0.956,-0.132,2.335,83,36250
2020-07-07T13:15:52+0300,21.5,54.47,1003.29,-82,-0.348,-0.952,-0.136,2.341,83,39066
2020-07-07T13:16:07+0300,21.45,54.5,1003.29,-79,-0.348,-0.96,-0.136,2.335,83,42394
2020-07-07T13:16:22+0300,21.41,54.52,1003.3,-92,-0.348,-0.952,-0.128,2.329,83,45466
2020-07-07T13:16:37+0300,21.38,54.52,1003.28,-74,-0.352,-0.952,-0.132,2.335,83,48282
2020-07-07T13:16:52+0300,21.35,54.53,1003.29,-76,-0.352,-0.948,-0.136,2.323,83,51354
2020-07-07T13:17:07+0300,21.32,54.49,1003.32,-78,-0.352,-0.96,-0.128,2.323,83,54426
2020-07-07T13:17:22+0300,21.28,54.55,1003.33,-77,-0.348,-0.956,-0.128,2.323,83,57242
2020-07-07T13:17:37+0300,21.25,54.56,1003.33,-82,-0.352,-0.956,-0.128,2.317,83,60314
2020-07-07T13:17:52+0300,21.22,54.54,1003.33,-80,-0.352,-0.956,-0.132,2.335,83,63386
2020-07-07T13:18:07+0300,21.19,54.52,1003.32,-74,-0.36,-0.956,-0.136,2.317,83,667
2020-07-07T13:18:22+0300,21.16,54.53,1003.34,-70,-0.356,-0.956,-0.14,2.323,83,3739
2020-07-07T13:18:37+0300,21.12,54.57,1003.35,-78,-0.352,-0.956,-0.136,2.323,83,6811
2020-07-07T13:18:52+0300,21.1,54.55,1003.37,-88,-0.352,-0.956,-0.132,2.317,83,9627
2020-07-07T13:19:07+0300,21.08,54.6,1003.36,-88,-0.36,-0.952,-0.132,2.323,83,12699
2020-07-07T13:19:22+0300,21.05,54.59,1003.36,-77,-0.352,-0.96,-0.128,2.317,83,15771
2020-07-07T13:19:37+0300,21.02,54.58,1003.36,-83,-0.352,-0.952,-0.128,2.317,83,18843
2020-07-07T13:19:52+0300,21.0,54.56,1003.34,-77,-0.356,-0.956,-0.124,2.311,83,21659
2020-07-07T13:20:07+0300,20.98,54.59,1003.34,-91,-0.36,-0.952,-0.132,2.317,83,24731
2020-07-07T13:20:22+0300,20.95,54.58,1003.36,-77,-0.348,-0.948,-0.14,2.311,83,27803
2020-07-07T13:20:37+0300,20.93,54.59,1003.37,-77,-0.352,-0.952,-0.136,2.317,83,30619
2020-07-07T13:20:52+0300,20.9,54.6,1003.35,-81,-0.356,-0.96,-0.132,2.305,83,33947
2020-07-07T13:21:07+0300,20.88,54.61,1003.35,-76,-0.356,-0.96,-0.132,2.317,83,36507
2020-07-07T13:21:22+0300,20.85,54.63,1003.38,-79,-0.352,-0.96,-0.136,2.305,83,39835
2020-07-07T13:21:37+0300,20.84,54.66,1003.39,-85,-0.352,-0.96,-0.132,2.305,83,42907
2020-07-07T13:21:52+0300,20.82,54.65,1003.39,-82,-0.352,-0.96,-0.128,2.287,83,45979
2020-07-07T13:22:07+0300,20.8,54.66,1003.39,-94,-0.352,-0.952,-0.136,2.305,83,48795
2020-07-07T13:22:22+0300,20.78,54.66,1003.4,-80,-0.348,-0.96,-0.128,2.299,83,51611
2020-07-07T13:22:37+0300,20.76,54.7,1003.39,-91,-0.408,-0.928,-0.124,2.305,92,54939
2020-07-07T13:22:52+0300,20.75,54.69,1003.39,-94,-0.304,-0.804,-0.588,2.305,113,57243
2020-07-07T13:23:07+0300,20.73,54.69,1003.38,-79,-0.352,-0.96,-0.128,2.299,126,60827
2020-07-07T13:23:22+0300,20.71,54.68,1003.38,-86,-0.348,-0.956,-0.124,2.305,126,63899
2020-07-07T13:23:37+0300,20.69,54.7,1003.39,-85,-0.348,-0.956,-0.128,2.305,126,924
2020-07-07T13:23:52+0300,20.68,54.66,1003.4,-75,-0.352,-0.952,-0.132,2.299,126,4252
2020-07-07T13:24:07+0300,20.66,54.65,1003.42,-78,-0.288,-0.784,-0.612,2.299,148,7324
2020-07-07T13:24:37+0300,20.63,54.52,1003.38,-78,-0.356,-0.956,-0.132,2.305,164,13212
2020-07-07T13:24:52+0300,20.61,54.48,1003.38,-78,-0.352,-0.952,-0.128,2.305,164,16284
2020-07-07T13:25:07+0300,20.59,54.51,1003.4,-78,-0.328,-0.932,-0.196,2.293,164,19100
2020-07-07T13:25:22+0300,20.57,54.51,1003.39,-77,-0.332,-0.868,-0.472,2.299,185,22172
2020-07-07T13:25:37+0300,20.55,54.5,1003.4,-78,-0.292,-0.74,-0.692,2.299,200,25244
2020-07-07T13:25:52+0300,20.54,54.5,1003.42,-80,-0.36,-0.956,-0.136,2.293,201,28060
2020-07-07T13:26:07+0300,20.52,54.54,1003.41,-77,-0.364,-0.956,-0.128,2.299,201,31388
2020-07-07T13:26:22+0300,20.5,54.54,1003.41,-76,-0.336,-0.848,-0.468,2.299,204,34460
2020-07-07T13:26:37+0300,20.49,54.52,1003.39,-84,-0.324,-0.828,-0.556,2.293,228,37276
2020-07-07T13:26:52+0300,20.47,54.5,1003.36,-74,-0.356,-0.964,-0.124,2.299,238,40348
2020-07-07T13:27:07+0300,20.45,54.43,1003.33,-72,-0.356,-0.96,-0.128,2.299,238,43420
2020-07-07T13:27:22+0300,20.43,54.43,1003.35,-73,-0.352,-0.952,-0.132,2.287,238,46236
2020-07-07T13:27:37+0300,20.41,54.47,1003.38,-74,-0.352,-0.956,-0.124,2.287,238,49052
2020-07-07T13:27:52+0300,20.39,54.49,1003.4,-68,-0.356,-0.956,-0.124,2.281,238,52380
2020-07-07T13:28:07+0300,20.37,54.5,1003.42,-78,-0.36,-0.956,-0.128,2.293,238,54940
2020-07-07T13:28:22+0300,20.36,54.52,1003.44,-77,-0.352,-0.956,-0.128,2.293,238,58268
2020-07-07T13:28:37+0300,20.35,54.52,1003.44,-90,-0.36,-0.956,-0.128,2.293,238,61340
2020-07-07T13:28:52+0300,20.34,54.55,1003.48,-84,-0.352,-0.96,-0.12,2.281,238,64156
2020-07-07T13:29:07+0300,20.33,54.56,1003.47,-81,-0.352,-0.956,-0.132,2.281,238,1693
2020-07-07T13:29:22+0300,20.32,54.58,1003.49,-84,-0.352,-0.952,-0.132,2.287,238,4765
2020-07-07T13:29:37+0300,20.31,54.62,1003.51,-93,-0.356,-0.956,-0.124,2.281,238,7581
2020-07-07T13:29:52+0300,20.31,54.63,1003.52,-85,-0.356,-0.956,-0.132,2.281,238,10397
2020-07-07T13:30:07+0300,20.3,54.64,1003.52,-80,-0.276,-0.78,-0.476,2.281,253,13469
2020-07-07T13:30:22+0300,20.29,54.64,1003.51,-76,-0.376,-0.804,-0.536,2.281,21,16541
2020-07-07T13:30:37+0300,20.28,54.6,1003.5,-78,-0.352,-0.956,-0.124,2.293,36,19613
2020-07-07T13:30:52+0300,20.26,54.55,1003.51,-80,-0.356,-0.956,-0.132,2.281,36,22685
2020-07-07T13:31:07+0300,20.25,54.51,1003.51,-80,-0.36,-0.956,-0.128,2.281,36,25245
2020-07-07T13:31:22+0300,20.23,54.52,1003.53,-86,-0.352,-0.956,-0.124,2.281,36,28573
2020-07-07T13:31:37+0300,20.22,54.55,1003.55,-88,-0.34,-0.9,-0.364,2.281,40,31901
2020-07-07T13:31:52+0300,20.21,54.52,1003.56,-78,-0.296,-0.768,-0.512,2.275,48,34205
2020-07-07T13:32:07+0300,20.19,54.56,1003.56,-76,-0.308,-0.604,-0.612,2.281,59,37277
2020-07-07T13:32:22+0300,20.17,54.54,1003.56,-80,-0.348,-0.96,-0.132,2.281,72,40605
2020-07-07T13:32:37+0300,20.16,54.55,1003.54,-81,-0.352,-0.96,-0.128,2.275,72,43677
2020-07-07T13:32:52+0300,20.14,54.52,1003.55,-88,-0.356,-0.952,-0.128,2.275,72,46749
2020-07-07T13:33:07+0300,20.13,54.54,1003.56,-97,-0.36,-0.952,-0.128,2.275,72,49565
2020-07-07T13:33:22+0300,20.11,54.56,1003.55,-80,-0.292,-0.848,-0.58,2.275,82,52893
2020-07-07T13:33:37+0300,20.09,54.55,1003.55,-80,-0.304,-0.764,-0.64,2.281,93,55709
2020-07-07T13:33:52+0300,20.08,54.53,1003.54,-77,-0.36,-0.956,-0.128,2.281,107,58781
2020-07-07T13:34:07+0300,20.06,54.51,1003.53,-78,-0.356,-0.956,-0.124,2.275,107,61853
2020-07-07T13:34:22+0300,20.05,54.49,1003.5,-88,-0.356,-0.952,-0.124,2.275,107,64669
2020-07-07T13:34:37+0300,20.03,54.47,1003.52,-76,-0.352,-0.956,-0.128,2.269,107,2206
2020-07-07T13:34:52+0300,20.01,54.47,1003.53,-90,-0.324,-0.856,-0.476,2.263,118,5278
2020-07-07T13:35:07+0300,19.99,54.44,1003.52,-75,-0.324,-0.876,-0.408,2.275,131,8094
2020-07-07T13:35:22+0300,19.97,54.46,1003.52,-80,-0.356,-0.952,-0.124,2.275,143,10910
2020-07-07T13:35:37+0300,19.95,54.51,1003.55,-81,-0.36,-0.96,-0.136,2.269,143,13982
2020-07-07T13:35:52+0300,19.94,54.49,1003.56,-80,-0.352,-0.956,-0.128,2.269,143,16542
2020-07-07T13:36:07+0300,19.93,54.55,1003.57,-91,-0.756,-0.472,-0.508,2.263,145,19358
2020-07-07T13:36:22+0300,19.91,54.52,1003.57,-82,-0.352,-0.952,-0.132,2.263,155,22942
2020-07-07T13:36:37+0300,19.9,54.51,1003.56,-80,-0.344,-0.92,-0.268,2.263,165,26014
2020-07-07T13:36:52+0300,19.89,54.49,1003.54,-79,-0.336,-0.908,-0.288,2.275,165,28830
2020-07-07T13:37:07+0300,19.87,54.46,1003.51,-84,-0.244,-0.98,-0.1,2.263,170,31646
2020-07-07T13:37:22+0300,19.84,54.45,1003.5,-88,-0.352,-0.96,-0.128,2.269,171,35230
2020-07-07T13:37:37+0300,19.82,54.41,1003.48,-77,-0.356,-0.956,-0.128,2.263,171,38046
2020-07-07T13:37:52+0300,19.8,54.36,1003.53,-77,-0.356,-0.952,-0.128,2.263,171,41374
2020-07-07T13:38:07+0300,19.77,54.36,1003.55,-72,-0.344,-0.916,-0.304,2.263,177,44190
2020-07-07T13:38:22+0300,19.75,54.34,1003.56,-81,-0.356,-0.94,-0.264,2.263,178,47262
2020-07-07T13:38:37+0300,19.73,54.34,1003.57,-73,-0.356,-0.952,-0.124,2.263,181,50334
2020-07-07T13:38:52+0300,19.71,54.41,1003.58,-77,-0.364,-0.96,-0.144,2.257,181,53150
2020-07-07T13:39:07+0300,19.7,54.41,1003.61,-74,-0.36,-0.956,-0.128,2.263,181,56222
2020-07-07T13:39:22+0300,19.68,54.41,1003.61,-77,-0.356,-0.952,-0.124,2.263,181,59294
2020-07-07T13:39:37+0300,19.67,54.45,1003.61,-87,-0.324,-0.98,-0.26,2.257,188,61598
2020-07-07T13:39:52+0300,19.65,54.47,1003.62,-72,-0.336,-0.956,-0.132,2.257,207,65182
2020-07-07T13:40:07+0300,19.64,54.48,1003.64,-78,-0.324,-0.956,-0.136,2.257,209,2463
2020-07-07T13:40:22+0300,19.63,54.49,1003.66,-84,-0.34,-0.872,-0.52,2.257,225,5535
2020-07-07T13:40:37+0300,19.61,54.51,1003.67,-72,-0.356,-0.952,-0.128,2.257,237,8607
2020-07-07T13:40:52+0300,19.6,54.54,1003.66,-87,-0.352,-0.916,-0.268,2.257,240,11679
2020-07-07T13:41:07+0300,19.58,54.55,1003.65,-74,-0.332,-0.916,-0.388,2.257,251,14239
2020-07-07T13:41:22+0300,19.57,54.58,1003.68,-71,-0.296,-0.964,-0.176,2.257,8,17567
2020-07-07T13:41:37+0300,19.55,54.61,1003.68,-74,-0.348,-0.956,-0.132,2.251,17,20639
2020-07-07T13:41:52+0300,19.54,54.62,1003.69,-75,-0.36,-0.952,-0.128,2.257,17,23455
2020-07-07T13:42:07+0300,19.52,54.61,1003.68,-82,-0.356,-0.944,-0.14,2.251,17,26527
2020-07-07T13:42:22+0300,19.51,54.62,1003.69,-76,-0.348,-0.956,-0.132,2.239,17,29343
2020-07-07T13:42:37+0300,19.49,54.67,1003.7,-71,-0.352,-0.96,-0.124,2.257,17,32927
2020-07-07T13:42:52+0300,19.49,54.67,1003.73,-77,-0.352,-0.956,-0.128,2.257,17,35231
2020-07-07T13:43:07+0300,19.48,54.7,1003.74,-83,-0.36,-0.956,-0.132,2.239,17,38815
2020-07-07T13:43:22+0300,19.47,54.72,1003.72,-73,-0.336,-0.884,-0.32,2.257,18,41631
2020-07-07T13:43:37+0300,19.47,54.69,1003.71,-70,-0.36,-0.916,-0.284,2.251,34,44703
2020-07-07T13:43:52+0300,19.46,54.73,1003.72,-58,-0.356,-0.952,-0.128,2.257,40,47775
2020-07-07T13:44:07+0300,19.45,54.75,1003.72,-69,-0.352,-0.948,-0.132,2.251,40,50847
2020-07-07T13:44:22+0300,19.45,54.76,1003.71,-61,-0.352,-0.956,-0.132,2.251,40,53663
2020-07-07T13:44:37+0300,19.45,54.78,1003.71,-65,-0.352,-0.956,-0.12,2.251,40,56735
2020-07-07T13:44:52+0300,19.44,54.81,1003.72,-72,-0.36,-0.956,-0.128,2.245,40,59551
2020-07-07T13:45:07+0300,19.44,54.84,1003.72,-65,-0.356,-0.952,-0.132,2.251,40,62367
2020-07-07T13:45:22+0300,19.44,54.84,1003.69,-67,-0.352,-0.952,-0.128,2.251,40,160
2020-07-07T13:45:37+0300,19.44,54.77,1003.68,-75,-0.356,-0.952,-0.128,2.251,40,3232
2020-07-07T13:45:52+0300,19.43,54.77,1003.68,-79,-0.36,-0.952,-0.116,2.251,40,5536
2020-07-07T13:46:07+0300,19.43,54.79,1003.68,-73,-0.356,-0.96,-0.132,2.251,40,9120
2020-07-07T13:46:22+0300,19.42,54.76,1003.68,-78,-0.352,-0.956,-0.128,2.251,40,12192
2020-07-07T13:46:37+0300,19.42,54.74,1003.69,-89,-0.356,-0.96,-0.128,2.251,40,14752
2020-07-07T13:46:52+0300,19.41,54.77,1003.69,-78,-0.356,-0.952,-0.136,2.251,40,18080
2020-07-07T13:47:07+0300,19.41,54.75,1003.67,-87,-0.352,-0.952,-0.124,2.245,40,21408
2020-07-07T13:47:22+0300,19.4,54.75,1003.66,-84,-0.356,-0.964,-0.128,2.251,40,24224
2020-07-07T13:47:37+0300,19.4,54.72,1003.66,-74,-0.352,-0.96,-0.132,2.251,40,27296
2020-07-07T13:47:52+0300,19.39,54.74,1003.67,-78,-0.356,-0.956,-0.12,2.239,40,30368
2020-07-07T13:48:07+0300,19.38,54.74,1003.69,-78,-0.36,-0.96,-0.128,2.245,40,32928
2020-07-07T13:48:22+0300,19.37,54.78,1003.71,-78,-0.36,-0.956,-0.12,2.251,40,36256
2020-07-07T13:48:37+0300,19.36,54.79,1003.72,-86,-0.352,-0.952,-0.132,2.221,40,39072
2020-07-07T13:48:52+0300,19.36,54.85,1003.71,-68,-0.356,-0.956,-0.132,2.245,40,42144
2020-07-07T13:49:07+0300,19.36,54.84,1003.69,-77,-0.36,-0.96,-0.128,2.245,40,44960
2020-07-07T13:49:22+0300,19.35,54.84,1003.67,-71,-0.348,-0.952,-0.128,2.239,40,48288
2020-07-07T13:49:37+0300,19.35,54.82,1003.65,-82,-0.352,-0.956,-0.124,2.245,40,51104
2020-07-07T13:49:52+0300,19.34,54.82,1003.65,-70,-0.352,-0.952,-0.12,2.245,40,54176
2020-07-07T13:50:07+0300,19.33,54.83,1003.67,-82,-0.36,-0.956,-0.12,2.233,40,57248
2020-07-07T13:50:22+0300,19.33,54.82,1003.66,-76,-0.36,-0.956,-0.132,2.239,41,60064
2020-07-07T13:50:37+0300,19.32,54.83,1003.64,-68,-0.356,-0.956,-0.12,2.245,44,63136
2020-07-07T13:50:52+0300,19.32,54.81,1003.66,-82,-0.356,-0.956,-0.132,2.251,44,673
2020-07-07T13:51:07+0300,19.31,54.83,1003.68,-76,-0.356,-0.956,-0.128,2.251,44,3489
2020-07-07T13:51:22+0300,19.3,54.81,1003.66,-75,-0.356,-0.948,-0.132,2.239,44,6561
2020-07-07T13:51:37+0300,19.29,54.76,1003.65,-82,-0.356,-0.956,-0.128,2.239,44,9633
2020-07-07T13:51:52+0300,19.28,54.73,1003.63,-72,-0.36,-0.956,-0.128,2.239,44,12449
2020-07-07T13:52:07+0300,19.27,54.73,1003.68,-82,-0.356,-0.948,-0.132,2.239,44,15521
2020-07-07T13:52:22+0300,19.25,54.7,1003.68,-75,-0.324,-0.976,-0.124,2.239,48,18593
2020-07-07T13:52:37+0300,19.23,54.7,1003.68,-85,-0.372,-0.9,-0.16,2.239,53,21665
2020-07-07T13:52:52+0300,19.22,54.7,1003.67,-84,-0.36,-0.956,-0.128,2.239,65,24737
2020-07-07T13:53:07+0300,19.2,54.72,1003.69,-87,-0.352,-0.96,-0.128,2.245,65,27809
2020-07-07T13:53:22+0300,19.19,54.7,1003.68,-81,-0.352,-0.956,-0.128,2.239,65,30625
2020-07-07T13:53:37+0300,19.18,54.7,1003.69,-78,-0.356,-0.96,-0.12,2.233,65,33441
2020-07-07T13:53:52+0300,19.16,54.69,1003.7,-91,-0.36,-0.952,-0.124,2.239,65,36769
2020-07-07T13:54:22+0300,19.14,54.72,1003.73,-79,-0.36,-0.96,-0.124,2.233,80,42657
2020-07-07T13:54:37+0300,19.13,54.74,1003.74,-77,-0.364,-0.96,-0.124,2.233,80,45473
2020-07-07T13:54:52+0300,19.12,54.74,1003.71,-78,-0.352,-0.92,-0.288,2.233,87,48801
2020-07-07T13:55:07+0300,19.11,54.72,1003.69,-76,-0.272,-0.752,-0.32,2.233,114,51617
2020-07-07T13:55:22+0300,19.1,54.68,1003.65,-91,-0.076,-0.664,-0.792,2.233,128,54689
2020-07-07T13:55:37+0300,19.09,54.65,1003.66,-80,-0.356,-0.96,-0.12,2.239,134,57761
2020-07-07T13:55:52+0300,19.08,54.61,1003.66,-76,-0.348,-0.952,-0.124,2.233,134,60321
2020-07-07T13:56:07+0300,19.06,54.59,1003.66,-76,-0.356,-0.952,-0.12,2.233,135,63649
2020-07-07T13:56:22+0300,19.05,54.62,1003.68,-80,-0.32,-0.9,-0.34,2.233,150,1186
2020-07-07T13:56:37+0300,19.04,54.62,1003.68,-79,-0.364,-0.94,-0.268,2.227,169,3490
2020-07-07T13:56:52+0300,19.03,54.64,1003.69,-79,-0.36,-0.956,-0.12,2.227,176,6818
2020-07-07T13:57:07+0300,19.02,54.6,1003.68,-83,-0.356,-0.956,-0.12,2.233,176,10146
2020-07-07T13:57:22+0300,19.01,54.56,1003.63,-86,-0.356,-0.948,-0.124,2.233,176,12962
2020-07-07T13:57:37+0300,18.99,54.53,1003.64,-87,-0.36,-0.948,-0.12,2.227,179,15778
2020-07-07T13:57:52+0300,18.98,54.51,1003.66,-91,-0.392,-1.0,-0.196,2.233,201,18850
2020-07-07T13:58:07+0300,18.96,54.51,1003.66,-86,-0.356,-0.952,-0.132,2.227,210,21922
2020-07-07T13:58:22+0300,18.95,54.51,1003.65,-77,-0.356,-0.956,-0.128,2.221,210,25250
2020-07-07T13:58:37+0300,18.94,54.52,1003.66,-71,-0.356,-0.956,-0.112,2.233,210,28322
2020-07-07T13:58:52+0300,18.93,54.52,1003.67,-64,-0.38,-0.936,-0.124,2.233,210,30882
2020-07-07T13:59:07+0300,18.93,54.49,1003.68,-74,-0.368,-0.944,-0.128,2.227,212,34210
2020-07-07T13:59:22+0300,18.92,54.47,1003.67,-78,-0.344,-0.952,-0.296,2.227,221,37026
2020-07-07T13:59:37+0300,18.91,54.45,1003.65,-77,-0.308,-0.96,-0.152,2.221,238,40098
2020-07-07T13:59:52+0300,18.9,54.43,1003.68,-82,-0.356,-0.956,-0.12,2.227,238,42402
2020-07-07T14:00:07+0300,18.89,54.43,1003.71,-83,-0.356,-0.948,-0.132,2.221,238,45730
2020-07-07T14:00:22+0300,18.88,54.48,1003.72,-91,-0.356,-0.952,-0.128,2.227,238,48802
2020-07-07T14:00:37+0300,18.88,54.5,1003.73,-85,-0.356,-0.956,-0.124,2.221,238,52130
2020-07-07T14:00:52+0300,18.88,54.54,1003.74,-84,-0.364,-0.952,-0.12,2.221,238,55202
2020-07-07T14:01:07+0300,18.87,54.59,1003.74,-87,-0.352,-0.956,-0.124,2.221,238,58018
2020-07-07T14:01:22+0300,18.87,54.61,1003.75,-94,-0.36,-0.952,-0.12,2.215,238,61090
2020-07-07T14:01:37+0300,18.87,54.6,1003.74,-83,-0.364,-0.948,-0.124,2.221,238,64162
2020-07-07T14:01:52+0300,18.87,54.6,1003.73,-85,-0.36,-0.952,-0.12,2.221,238,1187
2020-07-07T14:02:07+0300,18.87,54.62,1003.71,-75,-0.364,-0.96,-0.124,2.215,238,4515
2020-07-07T14:02:22+0300,18.87,54.61,1003.73,-80,-0.36,-0.952,-0.12,2.215,238,7587
2020-07-07T14:02:37+0300,18.87,54.62,1003.77,-85,-0.356,-0.96,-0.128,2.215,238,10659
2020-07-07T14:02:52+0300,18.87,54.63,1003.76,-85,-0.356,-0.956,-0.124,2.221,238,13475
2020-07-07T14:03:07+0300,18.88,54.66,1003.75,-75,-0.36,-0.956,-0.124,2.221,238,16547
2020-07-07T14:03:22+0300,18.88,54.66,1003.76,-76,-0.36,-0.952,-0.128,2.221,238,19619
2020-07-07T14:03:37+0300,18.87,54.62,1003.71,-78,-0.36,-0.96,-0.128,2.221,238,22691
2020-07-07T14:03:52+0300,18.87,54.6,1003.69,-80,-0.356,-0.952,-0.128,2.221,238,25763
2020-07-07T14:04:07+0300,18.86,54.59,1003.7,-76,-0.356,-0.952,-0.128,2.221,238,28835
2020-07-07T14:04:22+0300,18.86,54.61,1003.7,-82,-0.356,-0.956,-0.116,2.221,238,31651
2020-07-07T14:04:37+0300,18.86,54.55,1003.69,-80,-0.364,-0.956,-0.12,2.179,238,34723
2020-07-07T14:04:52+0300,18.85,54.54,1003.7,-83,-0.356,-0.948,-0.128,2.221,238,37539
2020-07-07T14:05:07+0300,18.85,54.53,1003.7,-80,-0.356,-0.956,-0.128,2.221,238,40355
2020-07-07T14:05:22+0300,18.84,54.54,1003.72,-74,-0.356,-0.952,-0.124,2.221,238,43683
2020-07-07T14:05:37+0300,18.84,54.52,1003.73,-88,-0.36,-0.952,-0.124,2.215,238,46755
2020-07-07T14:05:52+0300,18.84,54.52,1003.74,-75,-0.356,-0.952,-0.128,2.221,238,49571
2020-07-07T14:06:07+0300,18.83,54.53,1003.74,-80,-0.348,-0.956,-0.12,2.221,238,52643
2020-07-07T14:06:22+0300,18.83,54.55,1003.75,-77,-0.36,-0.948,-0.12,2.215,238,55715
2020-07-07T14:06:37+0300,18.82,54.52,1003.75,-84,-0.356,-0.956,-0.128,2.203,238,58531
2020-07-07T14:06:52+0300,18.82,54.55,1003.75,-78,-0.356,-0.956,-0.124,2.221,238,61603
2020-07-07T14:07:07+0300,18.82,54.52,1003.74,-80,-0.364,-0.948,-0.124,2.221,238,64163
2020-07-07T14:07:22+0300,18.81,54.51,1003.73,-78,-0.356,-0.956,-0.12,2.215,238,1956
2020-07-07T14:07:37+0300,18.8,54.51,1003.75,-75,-0.356,-0.952,-0.124,2.215,238,5028
2020-07-07T14:07:52+0300,18.8,54.51,1003.75,-77,-0.364,-0.96,-0.124,2.221,238,7588
2020-07-07T14:08:07+0300,18.79,54.54,1003.76,-77,-0.356,-0.952,-0.124,2.215,238,10404
2020-07-07T14:08:22+0300,18.78,54.55,1003.78,-81,-0.36,-0.96,-0.128,2.215,238,13988
2020-07-07T14:08:37+0300,18.78,54.58,1003.79,-85,-0.356,-0.956,-0.124,2.215,238,17060
2020-07-07T14:08:50+0300,18.78,54.63,1003.79,-84,-0.356,-0.952,-0.132,2.209,238,19620
2020-07-07T14:08:56+0300,18.78,54.61,1003.79,-79,-0.36,-0.956,-0.124,2.215,238,20644
2020-07-07T14:09:05+0300,18.79,54.61,1003.78,-80,-0.352,-0.956,-0.128,2.215,238,22692
2020-07-07T14:09:13+0300,18.79,54.62,1003.79,-82,-0.356,-0.956,-0.132,2.215,238,24228
2020-07-07T14:09:20+0300,18.79,54.64,1003.79,-77,-0.356,-0.956,-0.124,2.215,238,25764
2020-07-07T14:09:26+0300,18.79,54.66,1003.8,-77,-0.36,-0.956,-0.124,2.215,238,27044
2020-07-07T14:09:32+0300,18.79,54.63,1003.78,-93,-0.36,-0.956,-0.124,2.221,238,28068
2020-07-07T14:09:40+0300,18.79,54.62,1003.77,-67,-0.356,-0.952,-0.124,2.221,238,29604
2020-07-07T14:09:45+0300,18.79,54.61,1003.78,-76,-0.352,-0.952,-0.124,2.215,238,30884
2020-07-07T14:09:51+0300,18.79,54.62,1003.78,-96,-0.356,-0.956,-0.132,2.215,238,31908
2020-07-07T14:09:57+0300,18.79,54.61,1003.79,-67,-0.352,-0.96,-0.128,2.221,238,33188
2020-07-07T14:10:06+0300,18.79,54.61,1003.8,-70,-0.36,-0.96,-0.128,2.215,238,34980
2020-07-07T14:10:11+0300,18.79,54.61,1003.8,-96,-0.36,-0.952,-0.128,2.215,238,35748
2020-07-07T14:10:22+0300,18.79,54.63,1003.8,-88,-0.352,-0.952,-0.12,2.215,238,37796
2020-07-07T14:10:37+0300,18.8,54.63,1003.79,-78,-0.36,-0.952,-0.128,2.215,238,40868
2020-07-07T14:10:52+0300,18.79,54.6,1003.77,-89,-0.356,-0.952,-0.128,2.215,238,44196
2020-07-07T14:10:58+0300,18.79,54.59,1003.77,-92,-0.364,-0.956,-0.128,2.215,238,45476
2020-07-07T14:11:04+0300,18.79,54.58,1003.77,-86,-0.356,-0.956,-0.124,2.209,238,46500
2020-07-07T14:11:22+0300,18.79,54.53,1003.79,-99,-0.36,-0.96,-0.132,2.215,238,49572
2020-07-07T14:11:37+0300,18.78,54.51,1003.8,-98,-0.356,-0.96,-0.12,2.215,238,52900
2020-07-07T14:11:52+0300,18.77,54.49,1003.81,-94,-0.364,-0.952,-0.12,2.221,238,55972
2020-07-07T14:12:07+0300,18.77,54.53,1003.83,-82,-0.364,-0.956,-0.12,2.221,238,59044
2020-07-07T14:12:22+0300,18.77,54.59,1003.83,-69,-0.36,-0.956,-0.12,2.221,238,62116
2020-07-07T14:12:37+0300,18.77,54.55,1003.82,-74,-0.36,-0.956,-0.128,2.215,238,64932
2020-07-07T14:12:52+0300,18.76,54.53,1003.81,-74,-0.36,-0.956,-0.12,2.215,238,2469
2020-07-07T14:13:07+0300,18.76,54.55,1003.81,-66,-0.356,-0.948,-0.124,2.209,238,5541
2020-07-07T14:13:22+0300,18.76,54.53,1003.8,-74,-0.36,-0.956,-0.124,2.209,238,8613
2020-07-07T14:13:37+0300,18.75,54.5,1003.82,-74,-0.36,-0.956,-0.124,2.215,238,11429
2020-07-07T14:13:52+0300,18.74,54.49,1003.83,-78,-0.368,-0.988,-0.112,2.221,243,14501
2020-07-07T14:14:07+0300,18.74,54.5,1003.83,-72,-0.344,-0.924,-0.284,2.209,249,17573
2020-07-07T14:14:22+0300,18.74,54.52,1003.83,-74,-0.348,-0.928,-0.268,2.215,8,20645
2020-07-07T14:14:37+0300,18.74,54.55,1003.83,-65,-0.344,-0.932,-0.272,2.209,18,22949
2020-07-07T14:14:52+0300,18.73,54.58,1003.84,-70,-0.36,-0.952,-0.128,2.215,29,26789
2020-07-07T14:15:07+0300,18.74,54.63,1003.84,-69,-0.352,-0.956,-0.116,2.221,29,29605
2020-07-07T14:15:22+0300,18.74,54.67,1003.83,-76,-0.36,-0.948,-0.128,2.215,29,31909
2020-07-07T14:15:37+0300,18.74,54.58,1003.8,-78,-0.352,-0.956,-0.124,2.203,29,35237
2020-07-07T14:15:52+0300,18.74,54.58,1003.81,-75,-0.36,-0.956,-0.124,2.209,29,38565
2020-07-07T14:16:07+0300,18.74,54.59,1003.84,-69,-0.352,-0.956,-0.124,2.203,29,41637
2020-07-07T14:16:22+0300,18.75,54.59,1003.85,-70,-0.356,-0.956,-0.124,2.215,29,44709
2020-07-07T14:16:37+0300,18.75,54.62,1003.86,-61,-0.352,-0.956,-0.128,2.215,29,47525
2020-07-07T14:16:52+0300,18.75,54.64,1003.87,-73,-0.356,-0.964,-0.128,2.215,29,50085
2020-07-07T14:17:07+0300,18.74,54.64,1003.86,-75,-0.36,-0.956,-0.124,2.209,29,53669
2020-07-07T14:17:22+0300,18.74,54.62,1003.87,-82,-0.356,-0.956,-0.124,2.203,29,56485
2020-07-07T14:17:37+0300,18.74,54.62,1003.87,-74,-0.356,-0.956,-0.128,2.215,29,59301
2020-07-07T14:17:52+0300,18.74,54.6,1003.89,-73,-0.348,-0.956,-0.124,2.209,29,62629
2020-07-07T14:18:07+0300,18.73,54.62,1003.88,-75,-0.352,-0.956,-0.116,2.209,29,65189
2020-07-07T14:18:22+0300,18.73,54.63,1003.88,-85,-0.356,-0.948,-0.128,2.209,29,2470
2020-07-07T14:18:37+0300,18.73,54.59,1003.89,-78,-0.348,-0.956,-0.128,2.149,29,6054
2020-07-07T14:18:52+0300,18.73,54.63,1003.88,-89,-0.352,-0.96,-0.128,2.215,29,8870
2020-07-07T14:19:07+0300,18.73,54.63,1003.88,-85,-0.352,-0.96,-0.12,2.215,29,11942
2020-07-07T14:19:22+0300,18.73,54.65,1003.89,-84,-0.356,-0.956,-0.12,2.209,29,15014
2020-07-07T14:19:37+0300,18.72,54.69,1003.9,-84,-0.356,-0.964,-0.12,2.209,29,17574
2020-07-07T14:19:52+0300,18.72,54.66,1003.89,-84,-0.356,-0.956,-0.124,2.221,29,21158
2020-07-07T14:20:07+0300,18.72,54.69,1003.89,-84,-0.352,-0.956,-0.132,2.209,29,24230
2020-07-07T14:20:22+0300,18.73,54.65,1003.87,-72,-0.364,-0.956,-0.12,2.215,29,26790
2020-07-07T14:20:37+0300,18.72,54.63,1003.89,-81,-0.356,-0.94,-0.14,2.215,29,29606
2020-07-07T14:20:52+0300,18.72,54.6,1003.89,-80,-0.356,-0.952,-0.12,2.209,29,33190
2020-07-07T14:21:07+0300,18.71,54.62,1003.89,-76,-0.356,-0.96,-0.124,2.209,29,36006
2020-07-07T14:21:22+0300,18.7,54.56,1003.86,-67,-0.352,-0.96,-0.128,2.203,29,39078
2020-07-07T14:21:37+0300,18.69,54.52,1003.87,-86,-0.36,-0.956,-0.128,2.209,29,42150
2020-07-07T14:21:52+0300,18.68,54.46,1003.86,-69,-0.352,-0.96,-0.132,2.215,29,44966
2020-07-07T14:22:07+0300,18.66,54.44,1003.86,-70,-0.356,-0.96,-0.124,2.209,29,48038
2020-07-07T14:22:37+0300,18.63,54.42,1003.91,-76,-0.356,-0.956,-0.128,2.209,29,53926
2020-07-07T14:22:52+0300,18.62,54.45,1003.91,-87,-0.356,-0.956,-0.132,2.209,29,56742
2020-07-07T14:23:07+0300,18.6,54.46,1003.93,-80,-0.352,-0.956,-0.128,2.209,29,59814
2020-07-07T14:23:22+0300,18.59,54.48,1003.95,-80,-0.356,-0.956,-0.124,2.203,29,62886
2020-07-07T14:23:37+0300,18.58,54.49,1003.95,-83,-0.356,-0.956,-0.128,2.203,29,423
2020-07-07T14:23:52+0300,18.58,54.51,1003.96,-83,-0.352,-0.96,-0.128,2.209,29,3495
2020-07-07T14:24:07+0300,18.57,54.53,1003.97,-83,-0.356,-0.932,-0.296,2.209,31,6311
2020-07-07T14:24:22+0300,18.56,54.56,1003.96,-82,-0.344,-0.932,-0.272,2.209,48,9127
2020-07-07T14:24:37+0300,18.55,54.55,1003.95,-80,-0.344,-0.932,-0.264,2.203,64,12199
2020-07-07T14:24:52+0300,18.54,54.52,1003.95,-84,-0.356,-0.96,-0.124,2.209,66,15527
2020-07-07T14:25:07+0300,18.54,54.51,1003.94,-80,-0.352,-0.956,-0.124,2.197,66,18599
2020-07-07T14:25:22+0300,18.53,54.5,1003.96,-77,-0.356,-0.952,-0.132,2.203,66,21671
2020-07-07T14:25:37+0300,18.52,54.5,1003.92,-78,-0.356,-0.952,-0.124,2.197,66,24743
2020-07-07T14:25:52+0300,18.51,54.48,1003.93,-89,-0.348,-0.956,-0.124,2.203,66,27559
2020-07-07T14:26:07+0300,18.5,54.44,1003.92,-80,-0.36,-0.952,-0.124,2.203,66,30631
2020-07-07T14:26:22+0300,18.49,54.43,1003.93,-70,-0.356,-0.952,-0.12,2.191,66,33703
2020-07-07T14:26:37+0300,18.48,54.46,1003.95,-78,-0.352,-0.956,-0.128,2.203,66,36519
2020-07-07T14:26:52+0300,18.47,54.47,1003.94,-77,-0.36,-0.952,-0.128,2.203,66,39591
2020-07-07T14:27:07+0300,18.47,54.46,1003.94,-79,-0.352,-0.956,-0.12,2.203,66,42663
2020-07-07T14:27:22+0300,18.46,54.45,1003.93,-80,-0.348,-0.956,-0.132,2.203,66,45479
2020-07-07T14:27:37+0300,18.45,54.44,1003.95,-76,-0.36,-0.96,-0.12,2.197,66,48551
2020-07-07T14:27:52+0300,18.44,54.45,1003.96,-82,-0.348,-0.952,-0.128,2.197,66,51623
2020-07-07T14:28:07+0300,18.44,54.48,1003.97,-82,-0.352,-0.956,-0.124,2.203,66,54439
2020-07-07T14:28:22+0300,18.43,54.5,1003.98,-76,-0.356,-0.96,-0.124,2.203,66,57511
2020-07-07T14:28:37+0300,18.42,54.49,1003.99,-82,-0.352,-0.952,-0.116,2.197,66,60583
2020-07-07T14:28:52+0300,18.42,54.49,1003.99,-80,-0.356,-0.956,-0.124,2.197,66,63399
2020-07-07T14:29:07+0300,18.41,54.48,1004.01,-77,-0.356,-0.956,-0.124,2.197,66,936
2020-07-07T14:29:22+0300,18.41,54.51,1004.02,-83,-0.356,-0.96,-0.128,2.203,66,4008
2020-07-07T14:29:37+0300,18.41,54.49,1004.01,-74,-0.352,-0.956,-0.128,2.197,66,6824
2020-07-07T14:29:52+0300,18.41,54.51,1004.02,-77,-0.36,-0.964,-0.128,2.197,66,9896
2020-07-07T14:30:07+0300,18.4,54.49,1004.03,-78,-0.352,-0.956,-0.12,2.197,66,12968
2020-07-07T14:30:22+0300,18.4,54.51,1004.03,-86,-0.356,-0.952,-0.132,2.197,66,15784
2020-07-07T14:30:37+0300,18.39,54.53,1004.02,-79,-0.356,-0.952,-0.124,2.197,66,18856
2020-07-07T14:30:52+0300,18.39,54.49,1004.03,-80,-0.356,-0.948,-0.12,2.197,66,22184
2020-07-07T14:31:07+0300,18.38,54.5,1004.03,-78,-0.352,-0.96,-0.124,2.197,66,25000
2020-07-07T14:31:22+0300,18.37,54.48,1004.04,-82,-0.356,-0.952,-0.116,2.203,66,28072
2020-07-07T14:31:37+0300,18.37,54.48,1004.07,-77,-0.36,-0.952,-0.128,2.197,66,31144
2020-07-07T14:31:52+0300,18.36,54.47,1004.07,-77,-0.352,-0.952,-0.124,2.197,66,33960
2020-07-07T14:32:07+0300,18.36,54.51,1004.07,-76,-0.352,-0.956,-0.124,2.203,66,36776
2020-07-07T14:32:22+0300,18.36,54.53,1004.1,-75,-0.352,-0.956,-0.128,2.197,66,40104
2020-07-07T14:32:37+0300,18.36,54.56,1004.1,-71,-0.356,-0.952,-0.132,2.197,66,42920
2020-07-07T14:32:52+0300,18.36,54.58,1004.12,-71,-0.352,-0.948,-0.128,2.197,66,45992
2020-07-07T14:33:07+0300,18.37,54.58,1004.12,-83,-0.348,-0.964,-0.124,2.197,66,49064
2020-07-07T14:33:22+0300,18.37,54.56,1004.12,-82,-0.352,-0.956,-0.128,2.197,66,51880
2020-07-07T14:33:37+0300,18.37,54.55,1004.1,-82,-0.36,-0.948,-0.112,2.191,66,54952
2020-07-07T14:33:52+0300,18.37,54.57,1004.09,-76,-0.348,-0.956,-0.124,2.197,66,58024
2020-07-07T14:34:07+0300,18.37,54.55,1004.1,-80,-0.352,-0.956,-0.124,2.197,66,60840
2020-07-07T14:34:22+0300,18.37,54.57,1004.09,-90,-0.356,-0.96,-0.124,2.197,66,63912
2020-07-07T14:34:37+0300,18.37,54.57,1004.11,-83,-0.352,-0.956,-0.128,2.197,66,1193
2020-07-07T14:34:52+0300,18.38,54.57,1004.14,-80,-0.356,-0.956,-0.12,2.197,66,4009
2020-07-07T14:35:07+0300,18.38,54.58,1004.14,-87,-0.352,-0.956,-0.116,2.191,66,6825
2020-07-07T14:35:22+0300,18.38,54.62,1004.15,-81,-0.352,-0.952,-0.12,2.197,66,10153
2020-07-07T14:35:37+0300,18.39,54.6,1004.16,-80,-0.352,-0.96,-0.128,2.197,66,13481
2020-07-07T14:35:52+0300,18.39,54.6,1004.16,-70,-0.344,-0.956,-0.12,2.197,66,16553
2020-07-07T14:36:07+0300,18.4,54.6,1004.16,-83,-0.364,-0.952,-0.12,2.191,66,19369
2020-07-07T14:36:22+0300,18.4,54.62,1004.19,-78,-0.36,-0.96,-0.12,2.203,66,22185
2020-07-07T14:36:37+0300,18.4,54.64,1004.18,-72,-0.356,-0.952,-0.12,2.203,66,25513
2020-07-07T14:36:52+0300,18.41,54.66,1004.18,-74,-0.356,-0.952,-0.124,2.197,66,28329
2020-07-07T14:37:07+0300,18.42,54.69,1004.2,-79,-0.356,-0.956,-0.124,2.197,66,31657
2020-07-07T14:37:22+0300,18.43,54.7,1004.2,-77,-0.36,-0.952,-0.128,2.197,66,34473
2020-07-07T14:37:37+0300,18.43,54.66,1004.18,-71,-0.344,-0.956,-0.124,2.197,66,37545
2020-07-07T14:37:52+0300,18.44,54.69,1004.19,-76,-0.356,-0.956,-0.124,2.203,66,39849
2020-07-07T14:38:07+0300,18.44,54.67,1004.19,-74,-0.352,-0.952,-0.116,2.203,66,43433
2020-07-07T14:38:22+0300,18.44,54.62,1004.16,-74,-0.356,-0.96,-0.128,2.197,66,46505
2020-07-07T14:38:37+0300,18.45,54.62,1004.17,-82,-0.356,-0.96,-0.128,2.197,66,49577
2020-07-07T14:38:52+0300,18.45,54.63,1004.19,-77,-0.356,-0.952,-0.132,2.197,66,52137
2020-07-07T14:39:07+0300,18.45,54.66,1004.2,-72,-0.356,-0.956,-0.124,2.197,66,55209
2020-07-07T14:39:22+0300,18.45,54.67,1004.21,-73,-0.356,-0.956,-0.12,2.203,66,58025
2020-07-07T14:39:37+0300,18.46,54.69,1004.23,-67,-0.352,-0.948,-0.124,2.197,66,61097
2020-07-07T14:39:52+0300,18.47,54.74,1004.22,-62,-0.356,-0.956,-0.116,2.203,66,64425
2020-07-07T14:40:07+0300,18.48,54.72,1004.22,-74,-0.352,-0.956,-0.12,2.197,66,1706
2020-07-07T14:40:22+0300,18.48,54.75,1004.22,-74,-0.348,-0.96,-0.124,2.197,66,4778
2020-07-07T14:40:37+0300,18.49,54.75,1004.24,-69,-0.352,-0.956,-0.132,2.197,66,7850
2020-07-07T14:40:52+0300,18.5,54.75,1004.21,-68,-0.356,-0.956,-0.128,2.161,66,11178
2020-07-07T14:41:07+0300,18.51,54.72,1004.18,-73,-0.352,-0.96,-0.124,2.197,66,13994
2020-07-07T14:41:22+0300,18.51,54.69,1004.16,-72,-0.356,-0.948,-0.124,2.197,66,17066
2020-07-07T14:41:37+0300,18.51,54.69,1004.19,-73,-0.356,-0.96,-0.132,2.203,66,20138
2020-07-07T14:41:52+0300,18.51,54.71,1004.21,-76,-0.356,-0.956,-0.124,2.203,66,22442
2020-07-07T14:42:07+0300,18.51,54.72,1004.24,-81,-0.356,-0.952,-0.124,2.197,66,26026
2020-07-07T14:42:22+0300,18.51,54.73,1004.22,-72,-0.352,-0.952,-0.12,2.203,66,29098
2020-07-07T14:42:37+0300,18.52,54.72,1004.23,-72,-0.356,-0.952,-0.128,2.197,66,31914
2020-07-07T14:42:52+0300,18.53,54.7,1004.22,-63,-0.356,-0.956,-0.12,2.185,66,34986
2020-07-07T14:43:07+0300,18.53,54.67,1004.2,-63,-0.356,-0.96,-0.124,2.203,66,38058
2020-07-07T14:43:22+0300,18.53,54.69,1004.18,-76,-0.36,-0.952,-0.128,2.203,66,40362
2020-07-07T14:43:37+0300,18.54,54.66,1004.19,-83,-0.356,-0.956,-0.128,2.203,66,43946
2020-07-07T14:43:52+0300,18.54,54.63,1004.19,-70,-0.36,-0.956,-0.124,2.197,68,47018
2020-07-07T14:44:07+0300,18.54,54.63,1004.19,-83,-0.352,-0.952,-0.124,2.203,68,49578
2020-07-07T14:44:22+0300,18.53,54.61,1004.21,-70,-0.356,-0.964,-0.128,2.203,68,52906
2020-07-07T14:44:52+0300,18.53,54.63,1004.22,-59,-0.356,-0.96,-0.116,2.197,68,58794
2020-07-07T14:45:07+0300,18.54,54.65,1004.23,-57,-0.36,-0.96,-0.124,2.203,68,61866
2020-07-07T14:45:22+0300,18.54,54.65,1004.24,-78,-0.356,-0.96,-0.116,2.203,68,64938
2020-07-07T14:45:37+0300,18.54,54.63,1004.2,-71,-0.356,-0.964,-0.128,2.203,68,1707
2020-07-07T14:45:52+0300,18.54,54.6,1004.2,-62,-0.36,-0.956,-0.128,2.203,68,5291
2020-07-07T14:46:07+0300,18.54,54.57,1004.25,-67,-0.36,-0.956,-0.12,2.203,68,8619
2020-07-07T14:46:22+0300,18.54,54.57,1004.27,-88,-0.36,-0.956,-0.12,2.203,68,11179
2020-07-07T14:46:37+0300,18.54,54.57,1004.27,-68,-0.36,-0.956,-0.124,2.197,68,13995
2020-07-07T14:46:52+0300,18.54,54.48,1004.23,-68,-0.36,-0.96,-0.124,2.203,68,17323
2020-07-07T14:47:07+0300,18.54,54.43,1004.23,-65,-0.36,-0.956,-0.132,2.209,68,20395
2020-07-07T14:47:22+0300,18.53,54.39,1004.19,-65,-0.352,-0.964,-0.128,2.203,68,23467
2020-07-07T14:47:37+0300,18.52,54.32,1004.2,-67,-0.352,-0.956,-0.12,2.197,68,26539
2020-07-07T14:47:52+0300,18.51,54.33,1004.25,-66,-0.352,-0.952,-0.132,2.203,68,29355
2020-07-07T14:48:07+0300,18.51,54.34,1004.28,-67,-0.352,-0.968,-0.136,2.209,78,32427
2020-07-07T14:48:22+0300,18.5,54.35,1004.28,-59,-0.356,-0.956,-0.128,2.197,81,35499
2020-07-07T14:48:37+0300,18.5,54.38,1004.28,-71,-0.352,-0.956,-0.128,2.197,81,38315
2020-07-07T14:48:52+0300,18.51,54.42,1004.3,-63,-0.356,-0.956,-0.124,2.203,81,41387
2020-07-07T14:49:07+0300,18.51,54.43,1004.3,-66,-0.352,-0.952,-0.12,2.203,81,44459
2020-07-07T14:49:22+0300,18.51,54.44,1004.3,-59,-0.352,-0.956,-0.124,2.197,81,47275
2020-07-07T14:49:37+0300,18.52,54.44,1004.3,-59,-0.356,-0.96,-0.116,2.197,81,50091
2020-07-07T14:49:52+0300,18.53,54.48,1004.32,-87,-0.356,-0.956,-0.132,2.197,81,53419
2020-07-07T14:50:07+0300,18.53,54.49,1004.32,-83,-0.352,-0.956,-0.128,2.197,81,56491
2020-07-07T14:50:22+0300,18.54,54.49,1004.32,-94,-0.352,-0.956,-0.128,2.197,81,59051
2020-07-07T14:50:37+0300,18.54,54.5,1004.32,-77,-0.356,-0.956,-0.124,2.203,81,62379
2020-07-07T14:50:52+0300,18.55,54.51,1004.33,-84,-0.352,-0.952,-0.124,2.203,81,65195
2020-07-07T14:51:07+0300,18.56,54.5,1004.33,-83,-0.352,-0.96,-0.124,2.197,81,1964
2020-07-07T14:51:22+0300,18.57,54.45,1004.32,-84,-0.356,-0.96,-0.128,2.197,81,5804
2020-07-07T14:51:37+0300,18.57,54.43,1004.31,-85,-0.356,-0.956,-0.12,2.197,81,8876
2020-07-07T14:51:52+0300,18.58,54.43,1004.3,-76,-0.356,-0.96,-0.128,2.203,81,11948
2020-07-07T14:52:07+0300,18.58,54.38,1004.31,-68,-0.36,-0.952,-0.124,2.197,81,15020
2020-07-07T14:52:22+0300,18.58,54.36,1004.29,-53,-1.212,-0.104,0.396,2.203,89,18092
2020-07-07T14:52:37+0300,18.59,54.64,1004.3,-37,-0.196,0.008,1.132,2.239,115,20908
2020-07-07T14:52:52+0300,18.65,54.9,1004.34,-56,-0.42,-0.148,0.928,2.239,146,23980
2020-07-07T14:53:07+0300,18.71,55.13,1004.33,-48,-0.452,-0.632,0.624,2.239,172,27052
2020-07-07T14:53:22+0300,18.77,55.27,1004.37,-53,-0.544,-0.684,0.576,2.245,176,29868
2020-07-07T14:53:37+0300,18.83,55.37,1004.35,-44,-0.496,-0.408,0.708,2.251,186,32940
2020-07-07T14:53:52+0300,18.9,55.42,1004.32,-33,-0.448,-0.424,1.076,2.251,209,36012
2020-07-07T14:54:07+0300,18.97,55.48,1004.31,-28,-0.512,-0.98,0.468,2.251,243,38828
2020-07-07T14:54:22+0300,19.05,55.46,1004.3,-50,-0.596,-0.504,0.948,2.251,3,41388
2020-07-07T14:54:37+0300,19.13,55.48,1004.35,-48,-0.416,-0.34,0.812,2.251,28,44972
2020-07-07T14:54:52+0300,19.2,55.46,1004.35,-76,-0.308,-0.544,0.78,2.263,49,47788
2020-07-07T14:55:07+0300,19.26,55.43,1004.32,-42,0.204,-0.912,0.104,2.257,81,50860
2020-07-07T14:55:22+0300,19.32,55.43,1004.33,-50,-0.14,0.168,0.972,2.263,114,53932
2020-07-07T14:55:37+0300,19.37,55.45,1004.32,-41,0.016,-0.336,0.18,2.275,149,56492
2020-07-07T14:55:52+0300,19.43,55.5,1004.31,-42,-0.52,-1.096,0.104,2.275,177,59820
2020-07-07T14:56:07+0300,19.49,55.58,1004.3,-48,-0.116,0.24,1.296,2.275,208,62892
2020-07-07T14:56:22+0300,19.54,55.79,1004.31,-56,-0.156,-0.432,0.948,2.263,218,173
2020-07-07T14:56:37+0300,19.59,56.17,1004.29,-44,-0.18,-0.488,0.928,2.263,233,3245
2020-07-07T14:56:52+0300,19.65,56.37,1004.29,-47,-0.168,-0.464,0.936,2.275,236,6317
2020-07-07T14:57:07+0300,19.73,56.55,1004.29,-38,-0.004,-0.556,0.848,2.281,251,9389
2020-07-07T14:57:22+0300,19.81,56.68,1004.3,-44,-0.192,-0.512,0.988,2.275,12,12461
2020-07-07T14:57:37+0300,19.88,56.75,1004.27,-41,-0.244,-0.388,0.768,2.281,30,15277
2020-07-07T14:57:52+0300,19.95,56.77,1004.33,-67,-0.188,-0.56,0.88,2.281,46,18093
2020-07-07T14:58:07+0300,20.02,56.76,1004.33,-47,-0.232,-0.592,1.08,2.281,55,21421
2020-07-07T14:58:22+0300,20.09,56.73,1004.3,-56,-0.124,-0.652,0.828,2.287,73,24493
2020-07-07T14:58:37+0300,20.15,56.7,1004.32,-66,-0.18,-0.544,0.892,2.293,79,27309
2020-07-07T14:58:52+0300,20.2,56.68,1004.33,-60,-0.184,-0.748,0.732,2.293,81,29869
2020-07-07T14:59:07+0300,20.25,56.65,1004.3,-60,-0.252,-0.664,0.776,2.299,81,33453
2020-07-07T14:59:22+0300,20.29,56.59,1004.32,-64,-0.196,-0.56,0.896,2.299,90,36269
2020-07-07T14:59:37+0300,20.33,56.53,1004.29,-58,0.036,-0.588,0.728,2.299,100,39341
2020-07-07T14:59:52+0300,20.35,56.53,1004.28,-53,-0.092,-0.492,0.984,2.311,111,41901
