792;2020-07-07 09:39:40.209397+00;0;Aktiiviset
793;2020-07-07 09:40:05.004886+00;6;Alueella
794;2020-07-07 09:40:05.495044+00;5;Alueella
795;2020-07-07 09:40:06.038561+00;4;Alueella
796;2020-07-07 09:40:06.56471+00;3;Alueella
797;2020-07-07 09:41:29.455109+00;4;Alueella
798;2020-07-07 09:41:31.752922+00;5;Alueella
799;2020-07-07 09:41:45.742834+00;4;Alueella
800;2020-07-07 09:41:45.950988+00;3;Alueella
801;2020-07-07 09:41:49.631774+00;4;Alueella
802;2020-07-07 09:41:50.207596+00;5;Alueella
803;2020-07-07 09:42:24.374833+00;1;Aktiiviset
804;2020-07-07 09:42:26.178431+00;0;Aktiiviset
805;2020-07-07 09:43:29.368718+00;1;Aktiiviset
806;2020-07-07 09:43:32.969733+00;4;Alueella
807;2020-07-07 09:44:09.742248+00;0;Aktiiviset
808;2020-07-07 09:44:26.602355+00;3;Alueella
809;2020-07-07 09:44:27.176699+00;2;Alueella
810;2020-07-07 09:50:26.074314+00;1;Alueella
811;2020-07-07 09:50:26.3284+00;0;Alueella
812;2020-07-07 09:51:51.972056+00;1;Alueella
813;2020-07-07 09:51:52.394655+00;1;Aktiiviset
814;2020-07-07 09:51:53.038692+00;0;Aktiiviset
815;2020-07-07 09:51:53.09997+00;2;Alueella
816;2020-07-07 09:52:25.822029+00;1;Aktiiviset
817;2020-07-07 09:52:45.587014+00;3;Alueella
818;2020-07-07 09:52:51.252128+00;0;Aktiiviset
819;2020-07-07 09:53:26.937792+00;1;Aktiiviset
820;2020-07-07 09:53:29.600433+00;0;Aktiiviset
821;2020-07-07 09:53:41.193674+00;4;Alueella
822;2020-07-07 09:53:41.578438+00;5;Alueella
823;2020-07-07 09:53:43.594367+00;6;Alueella
824;2020-07-07 09:53:56.651874+00;5;Alueella
825;2020-07-07 09:53:56.673802+00;5;Alueella
826;2020-07-07 09:53:59.642795+00;4;Alueella
827;2020-07-07 09:55:20.300519+00;1;Aktiiviset
828;2020-07-07 09:55:34.478489+00;3;Alueella
829;2020-07-07 09:55:50.609916+00;2;Alueella
830;2020-07-07 09:57:34.710082+00;0;Aktiiviset
831;2020-07-07 09:57:42.212645+00;1;Alueella
832;2020-07-07 09:58:17.146245+00;2;Alueella
833;2020-07-07 09:58:32.549227+00;0;Alueella
834;2020-07-07 09:58:37.186632+00;0;Aktiiviset
835;2020-07-07 09:59:25.830257+00;1;Alueella
836;2020-07-07 10:00:21.176899+00;0;Alueella
837;2020-07-07 10:00:31.593489+00;1;Alueella
838;2020-07-07 10:00:32.564+00;0;Alueella
839;2020-07-07 10:00:33.040687+00;1;Alueella
840;2020-07-07 10:02:13.91269+00;2;Alueella
841;2020-07-07 10:02:48.32641+00;1;Aktiiviset
842;2020-07-07 10:03:15.155508+00;2;Aktiiviset
843;2020-07-07 10:05:27.958153+00;1;Aktiiviset
844;2020-07-07 10:05:28.530985+00;0;Aktiiviset
845;2020-07-07 10:05:30.18019+00;1;Aktiiviset
846;2020-07-07 10:05:42.981154+00;0;Aktiiviset
847;2020-07-07 10:06:22.219506+00;3;Alueella
848;2020-07-07 10:06:31.554465+00;1;Aktiiviset
849;2020-07-07 10:06:51.648512+00;2;Alueella
850;2020-07-07 10:07:03.196864+00;0;Aktiiviset
851;2020-07-07 10:07:37.630539+00;3;Alueella
852;2020-07-07 10:07:41.245218+00;4;Alueella
853;2020-07-07 10:07:41.373743+00;4;Alueella
854;2020-07-07 10:07:43.026887+00;5;Alueella
855;2020-07-07 10:08:01.881099+00;4;Alueella
856;2020-07-07 10:08:09.084631+00;3;Alueella
857;2020-07-07 10:08:27.791563+00;2;Alueella
858;2020-07-07 10:08:27.97374+00;2;Alueella
859;2020-07-07 10:08:28.426787+00;1;Alueella
860;2020-07-07 10:08:43.08437+00;1;Aktiiviset
861;2020-07-07 10:09:02.981788+00;2;Alueella
862;2020-07-07 10:09:08.166509+00;1;Alueella
863;2020-07-07 10:09:10.444499+00;2;Alueella
864;2020-07-07 10:09:13.772698+00;0;Aktiiviset
865;2020-07-07 10:09:26.336475+00;1;Aktiiviset
866;2020-07-07 10:09:48.382467+00;3;Alueella
867;2020-07-07 10:10:12.779396+00;2;Aktiiviset
868;2020-07-07 10:10:15.267024+00;1;Aktiiviset
869;2020-07-07 10:10:26.831197+00;4;Alueella
870;2020-07-07 10:10:26.853836+00;4;Alueella
871;2020-07-07 10:10:27.244416+00;5;Alueella
872;2020-07-07 10:10:32.924847+00;4;Alueella
873;2020-07-07 10:10:36.948238+00;3;Alueella
874;2020-07-07 10:11:20.342521+00;2;Aktiiviset
875;2020-07-07 10:12:26.999926+00;1;Aktiiviset
876;2020-07-07 10:12:28.417373+00;0;Aktiiviset
877;2020-07-07 10:12:37.580318+00;1;Aktiiviset
878;2020-07-07 10:13:54.465409+00;4;Alueella
879;2020-07-07 10:14:09.759084+00;2;Aktiiviset
880;2020-07-07 10:14:57.886739+00;5;Alueella
881;2020-07-07 10:15:04.868964+00;1;Aktiiviset
882;2020-07-07 10:15:06.525783+00;4;Alueella
883;2020-07-07 10:15:26.990402+00;2;Aktiiviset
884;2020-07-07 10:15:37.818669+00;1;Aktiiviset
885;2020-07-07 10:15:57.153147+00;0;Aktiiviset
886;2020-07-07 10:16:02.601001+00;1;Aktiiviset
887;2020-07-07 10:16:36.961305+00;0;Aktiiviset
888;2020-07-07 10:16:39.405551+00;1;Aktiiviset
889;2020-07-07 10:17:21.307533+00;2;Aktiiviset
890;2020-07-07 10:17:24.106516+00;1;Aktiiviset
891;2020-07-07 10:17:36.099911+00;2;Aktiiviset
892;2020-07-07 10:17:39.896948+00;1;Aktiiviset
893;2020-07-07 10:17:50.957768+00;2;Aktiiviset
894;2020-07-07 10:18:02.610994+00;1;Aktiiviset
895;2020-07-07 10:18:20.479926+00;2;Aktiiviset
896;2020-07-07 10:18:20.941465+00;3;Aktiiviset
897;2020-07-07 10:18:39.406325+00;2;Aktiiviset
898;2020-07-07 10:18:39.766513+00;1;Aktiiviset
899;2020-07-07 10:18:45.293576+00;0;Aktiiviset
900;2020-07-07 10:19:30.060068+00;1;Aktiiviset
901;2020-07-07 10:19:35.351157+00;2;Aktiiviset
902;2020-07-07 10:20:07.07633+00;3;Aktiiviset
903;2020-07-07 10:20:08.431921+00;4;Aktiiviset
904;2020-07-07 10:21:14.825886+00;6;Alueella
905;2020-07-07 10:21:14.866989+00;6;Alueella
906;2020-07-07 10:21:15.639546+00;5;Alueella
907;2020-07-07 10:21:16.37844+00;4;Alueella
908;2020-07-07 10:23:15.647959+00;2;Aktiiviset
909;2020-07-07 10:23:49.435736+00;1;Aktiiviset
910;2020-07-07 10:24:42.265036+00;5;Alueella
911;2020-07-07 10:24:56.317359+00;2;Aktiiviset
912;2020-07-07 10:25:09.971743+00;3;Aktiiviset
913;2020-07-07 10:25:30.076864+00;2;Aktiiviset
914;2020-07-07 10:25:37.860966+00;1;Aktiiviset
915;2020-07-07 10:25:57.911542+00;0;Aktiiviset
916;2020-07-07 10:26:26.1628+00;1;Aktiiviset
917;2020-07-07 10:26:51.186441+00;6;Alueella
918;2020-07-07 10:26:59.076177+00;0;Aktiiviset
919;2020-07-07 10:27:16.285474+00;1;Aktiiviset
920;2020-07-07 10:27:19.829211+00;5;Alueella
921;2020-07-07 10:27:46.59591+00;2;Aktiiviset
922;2020-07-07 10:27:48.192651+00;3;Aktiiviset
923;2020-07-07 10:27:53.37659+00;2;Aktiiviset
924;2020-07-07 10:28:23.130521+00;1;Aktiiviset
925;2020-07-07 10:29:31.679844+00;2;Aktiiviset
926;2020-07-07 10:29:38.147012+00;1;Aktiiviset
927;2020-07-07 10:29:39.889224+00;6;Alueella
928;2020-07-07 10:29:40.171776+00;7;Alueella
929;2020-07-07 10:29:40.932788+00;8;Alueella
930;2020-07-07 10:29:41.485703+00;9;Alueella
931;2020-07-07 10:29:51.637449+00;2;Aktiiviset
932;2020-07-07 10:29:59.491532+00;3;Aktiiviset
933;2020-07-07 10:30:03.813453+00;4;Aktiiviset
934;2020-07-07 10:30:11.754602+00;3;Aktiiviset
935;2020-07-07 10:30:19.722773+00;2;Aktiiviset
936;2020-07-07 10:30:35.359548+00;1;Aktiiviset
937;2020-07-07 10:30:43.844698+00;0;Aktiiviset
938;2020-07-07 10:30:56.172214+00;1;Aktiiviset
939;2020-07-07 10:31:06.353428+00;2;Aktiiviset
940;2020-07-07 10:31:30.464617+00;1;Aktiiviset
941;2020-07-07 10:31:38.731934+00;10;Alueella
942;2020-07-07 10:31:41.897778+00;2;Aktiiviset
943;2020-07-07 10:31:44.725197+00;3;Aktiiviset
944;2020-07-07 10:31:46.368312+00;2;Aktiiviset
945;2020-07-07 10:32:16.700048+00;1;Aktiiviset
946;2020-07-07 10:32:21.554507+00;0;Aktiiviset
947;2020-07-07 10:32:45.00961+00;1;Aktiiviset
948;2020-07-07 10:32:49.077918+00;2;Aktiiviset
949;2020-07-07 10:33:17.363749+00;3;Aktiiviset
950;2020-07-07 10:33:19.264449+00;4;Aktiiviset
951;2020-07-07 10:33:28.808977+00;9;Alueella
952;2020-07-07 10:33:30.161165+00;3;Aktiiviset
953;2020-07-07 10:33:32.134884+00;2;Aktiiviset
954;2020-07-07 10:33:51.766175+00;1;Aktiiviset
955;2020-07-07 10:34:04.712098+00;2;Aktiiviset
956;2020-07-07 10:34:22.49592+00;1;Aktiiviset
957;2020-07-07 10:34:46.063078+00;2;Aktiiviset
958;2020-07-07 10:34:49.218448+00;3;Aktiiviset
959;2020-07-07 10:35:00.672505+00;2;Aktiiviset
960;2020-07-07 10:35:08.344278+00;3;Aktiiviset
961;2020-07-07 10:35:21.347714+00;2;Aktiiviset
962;2020-07-07 10:35:39.417224+00;1;Aktiiviset
963;2020-07-07 10:36:11.756939+00;2;Aktiiviset
964;2020-07-07 10:36:12.66341+00;3;Aktiiviset
965;2020-07-07 10:36:13.632672+00;4;Aktiiviset
966;2020-07-07 10:36:15.126425+00;5;Aktiiviset
967;2020-07-07 10:36:16.649265+00;10;Alueella
968;2020-07-07 10:36:24.089574+00;4;Aktiiviset
969;2020-07-07 10:36:30.125518+00;3;Aktiiviset
970;2020-07-07 10:36:44.7026+00;4;Aktiiviset
971;2020-07-07 10:37:02.011199+00;9;Alueella
972;2020-07-07 10:37:05.05913+00;3;Aktiiviset
973;2020-07-07 10:37:08.428024+00;2;Aktiiviset
974;2020-07-07 10:37:10.429026+00;10;Alueella
975;2020-07-07 10:37:25.041004+00;9;Alueella
976;2020-07-07 10:37:30.871615+00;3;Aktiiviset
977;2020-07-07 10:37:52.413112+00;2;Aktiiviset
978;2020-07-07 10:38:00.404791+00;3;Aktiiviset
979;2020-07-07 10:38:06.757835+00;2;Aktiiviset
980;2020-07-07 10:38:29.523844+00;3;Aktiiviset
981;2020-07-07 10:39:37.874501+00;4;Aktiiviset
982;2020-07-07 10:39:39.65023+00;5;Aktiiviset
983;2020-07-07 10:39:44.654626+00;4;Aktiiviset
984;2020-07-07 10:39:49.753601+00;3;Aktiiviset
985;2020-07-07 10:39:58.925522+00;10;Alueella
986;2020-07-07 10:40:00.740726+00;2;Aktiiviset
987;2020-07-07 10:40:12.084358+00;1;Aktiiviset
988;2020-07-07 10:40:18.039462+00;2;Aktiiviset
989;2020-07-07 10:40:25.699488+00;3;Aktiiviset
990;2020-07-07 10:41:05.076238+00;3;Alueella
991;2020-07-07 10:41:05.571062+00;4;Alueella
992;2020-07-07 10:41:06.000908+00;5;Alueella
993;2020-07-07 10:41:06.397498+00;6;Alueella
994;2020-07-07 10:41:07.049463+00;7;Alueella
995;2020-07-07 10:41:08.736637+00;8;Alueella
996;2020-07-07 10:41:09.481573+00;9;Alueella
997;2020-07-07 10:41:10.399752+00;10;Alueella
998;2020-07-07 10:41:25.312564+00;1;Aktiiviset
999;2020-07-07 10:41:33.159379+00;11;Alueella
1000;2020-07-07 10:41:40.073336+00;2;Aktiiviset
1001;2020-07-07 10:41:43.823457+00;3;Aktiiviset
1002;2020-07-07 10:41:46.296291+00;4;Aktiiviset
1003;2020-07-07 10:41:59.36182+00;3;Aktiiviset
1004;2020-07-07 10:41:59.740815+00;10;Alueella
1005;2020-07-07 10:42:00.049182+00;2;Aktiiviset
1006;2020-07-07 10:42:00.622982+00;3;Aktiiviset
1007;2020-07-07 10:42:02.527908+00;2;Aktiiviset
1008;2020-07-07 10:42:04.583528+00;1;Aktiiviset
1009;2020-07-07 10:42:08.321346+00;11;Alueella
1010;2020-07-07 10:42:11.443694+00;2;Aktiiviset
1011;2020-07-07 10:42:15.481213+00;1;Aktiiviset
1012;2020-07-07 10:42:36.071355+00;2;Aktiiviset
1013;2020-07-07 10:42:39.091932+00;1;Aktiiviset
1014;2020-07-07 10:42:43.800536+00;2;Aktiiviset
1015;2020-07-07 10:42:44.050501+00;3;Aktiiviset
1016;2020-07-07 10:42:48.577398+00;4;Aktiiviset
1017;2020-07-07 10:42:55.784911+00;3;Aktiiviset
1018;2020-07-07 10:43:00.480709+00;4;Aktiiviset
1019;2020-07-07 10:43:04.295016+00;3;Aktiiviset
1020;2020-07-07 10:43:06.071768+00;2;Aktiiviset
1021;2020-07-07 10:43:08.942965+00;1;Aktiiviset
1022;2020-07-07 10:43:15.751128+00;2;Aktiiviset
1023;2020-07-07 10:43:22.798383+00;12;Alueella
1024;2020-07-07 10:43:23.337215+00;13;Alueella
1025;2020-07-07 10:43:24.250606+00;3;Aktiiviset
1026;2020-07-07 10:43:29.372879+00;4;Aktiiviset
1027;2020-07-07 10:43:37.909393+00;5;Aktiiviset
1028;2020-07-07 10:43:42.700873+00;12;Alueella
1029;2020-07-07 10:43:44.878672+00;11;Alueella
1030;2020-07-07 10:43:46.809316+00;4;Aktiiviset
1031;2020-07-07 10:43:49.091455+00;3;Aktiiviset
1032;2020-07-07 10:43:50.450779+00;2;Aktiiviset
1033;2020-07-07 10:44:02.988213+00;12;Alueella
1034;2020-07-07 10:44:03.094479+00;3;Aktiiviset
1035;2020-07-07 10:44:03.327668+00;4;Aktiiviset
1036;2020-07-07 10:44:04.051292+00;3;Aktiiviset
1037;2020-07-07 10:44:06.13844+00;2;Aktiiviset
1038;2020-07-07 10:44:06.660773+00;1;Aktiiviset
1039;2020-07-07 10:44:33.80198+00;2;Aktiiviset
1040;2020-07-07 10:44:34.245736+00;1;Aktiiviset
1041;2020-07-07 10:44:37.332933+00;2;Aktiiviset
1042;2020-07-07 10:44:42.538345+00;3;Aktiiviset
1043;2020-07-07 10:44:42.833047+00;4;Aktiiviset
1044;2020-07-07 10:44:51.178304+00;3;Aktiiviset
1045;2020-07-07 10:45:03.334636+00;11;Alueella
1046;2020-07-07 10:45:09.562673+00;2;Aktiiviset
1047;2020-07-07 10:45:20.504403+00;3;Aktiiviset
1048;2020-07-07 10:45:47.275458+00;2;Aktiiviset
1049;2020-07-07 10:45:49.29455+00;1;Aktiiviset
1050;2020-07-07 10:45:49.481043+00;0;Aktiiviset
1051;2020-07-07 10:45:49.692224+00;-1;Aktiiviset
1052;2020-07-07 10:45:50.608974+00;0;Aktiiviset
1053;2020-07-07 10:46:04.898125+00;1;Aktiiviset
1054;2020-07-07 10:46:33.945548+00;10;Alueella
1055;2020-07-07 10:46:35.604001+00;2;Aktiiviset
1056;2020-07-07 10:46:39.773415+00;3;Aktiiviset
1057;2020-07-07 10:46:41.420149+00;4;Aktiiviset
1058;2020-07-07 10:46:43.224285+00;9;Alueella
1059;2020-07-07 10:46:56.391893+00;3;Aktiiviset
1060;2020-07-07 10:46:57.159409+00;2;Aktiiviset
1061;2020-07-07 10:46:57.922689+00;1;Aktiiviset
1062;2020-07-07 10:46:58.574759+00;0;Aktiiviset
1063;2020-07-07 10:47:06.305127+00;10;Alueella
1064;2020-07-07 10:47:15.406382+00;1;Aktiiviset
1065;2020-07-07 10:47:21.423178+00;0;Aktiiviset
1066;2020-07-07 10:47:23.980064+00;1;Aktiiviset
1067;2020-07-07 10:47:24.952375+00;11;Alueella
1068;2020-07-07 10:47:42.755425+00;10;Alueella
1069;2020-07-07 10:47:43.246611+00;9;Alueella
1070;2020-07-07 10:47:44.269265+00;8;Alueella
1071;2020-07-07 10:47:46.215878+00;2;Aktiiviset
1072;2020-07-07 10:47:51.279041+00;3;Aktiiviset
1073;2020-07-07 10:48:05.413745+00;9;Alueella
1074;2020-07-07 10:48:06.318783+00;4;Aktiiviset
1075;2020-07-07 10:48:08.478873+00;5;Aktiiviset
1076;2020-07-07 10:48:25.992486+00;4;Aktiiviset
1077;2020-07-07 10:48:26.237667+00;3;Aktiiviset
1078;2020-07-07 10:48:27.238761+00;2;Aktiiviset
1079;2020-07-07 10:48:28.246262+00;1;Aktiiviset
1080;2020-07-07 10:48:31.822957+00;2;Aktiiviset
1081;2020-07-07 10:48:45.381033+00;10;Alueella
1082;2020-07-07 10:48:45.978379+00;11;Alueella
1083;2020-07-07 10:48:46.931405+00;12;Alueella
1084;2020-07-07 10:49:23.477659+00;13;Alueella
1085;2020-07-07 10:49:28.188856+00;1;Aktiiviset
1086;2020-07-07 10:49:39.618094+00;2;Aktiiviset
1087;2020-07-07 10:49:58.360661+00;1;Aktiiviset
1088;2020-07-07 10:50:25.741002+00;12;Alueella
1089;2020-07-07 10:50:26.611137+00;11;Alueella
1090;2020-07-07 10:50:31.354162+00;0;Aktiiviset
1091;2020-07-07 10:50:36.7163+00;10;Alueella
1092;2020-07-07 10:50:37.302445+00;9;Alueella
1093;2020-07-07 10:50:38.66907+00;8;Alueella
1094;2020-07-07 10:50:40.151174+00;7;Alueella
1095;2020-07-07 10:50:41.157139+00;6;Alueella
1096;2020-07-07 10:50:49.825695+00;7;Alueella
1097;2020-07-07 10:51:11.15874+00;1;Aktiiviset
1098;2020-07-07 10:51:32.59771+00;8;Alueella
1099;2020-07-07 10:51:33.196363+00;9;Alueella
1100;2020-07-07 10:51:34.016531+00;10;Alueella
1101;2020-07-07 10:51:46.809831+00;2;Aktiiviset
1102;2020-07-07 10:52:02.884731+00;9;Alueella
1103;2020-07-07 10:52:10.381788+00;8;Alueella
1104;2020-07-07 10:52:13.157225+00;1;Aktiiviset
1105;2020-07-07 10:52:27.299011+00;0;Aktiiviset
1106;2020-07-07 10:52:46.5265+00;1;Aktiiviset
1107;2020-07-07 10:52:46.666527+00;1;Aktiiviset
1108;2020-07-07 10:52:47.449937+00;2;Aktiiviset
1109;2020-07-07 10:52:51.315846+00;1;Aktiiviset
1110;2020-07-07 10:53:03.37708+00;9;Alueella
1111;2020-07-07 10:53:03.772208+00;10;Alueella
1112;2020-07-07 10:53:04.544305+00;11;Alueella
1113;2020-07-07 10:53:05.189867+00;12;Alueella
1114;2020-07-07 10:53:28.407756+00;2;Aktiiviset
1115;2020-07-07 10:53:43.55699+00;3;Aktiiviset
1116;2020-07-07 10:53:47.613709+00;2;Aktiiviset
1117;2020-07-07 10:53:48.710508+00;13;Alueella
1118;2020-07-07 10:53:49.256939+00;14;Alueella
1119;2020-07-07 10:53:49.844434+00;15;Alueella
1120;2020-07-07 10:53:59.308843+00;14;Alueella
1121;2020-07-07 10:53:59.735792+00;1;Aktiiviset
1122;2020-07-07 10:54:28.133969+00;15;Alueella
1123;2020-07-07 10:54:28.672409+00;16;Alueella
1124;2020-07-07 10:54:59.181389+00;2;Aktiiviset
1125;2020-07-07 10:55:24.817893+00;1;Aktiiviset
1126;2020-07-07 10:55:25.299841+00;0;Aktiiviset
1127;2020-07-07 10:55:38.565778+00;1;Aktiiviset
1128;2020-07-07 10:55:47.886507+00;2;Aktiiviset
1129;2020-07-07 10:55:57.425757+00;17;Alueella
1130;2020-07-07 10:56:08.844734+00;1;Aktiiviset
1131;2020-07-07 10:56:10.657397+00;2;Aktiiviset
1132;2020-07-07 10:56:51.288088+00;1;Aktiiviset
1133;2020-07-07 10:57:09.462676+00;16;Alueella
1134;2020-07-07 10:57:09.85382+00;15;Alueella
1135;2020-07-07 10:57:18.610853+00;0;Aktiiviset
1136;2020-07-07 10:57:50.153298+00;14;Alueella
1137;2020-07-07 10:57:50.478695+00;13;Alueella
1138;2020-07-07 10:57:51.058171+00;12;Alueella
1139;2020-07-07 10:57:51.615188+00;11;Alueella
1140;2020-07-07 10:58:07.278987+00;1;Aktiiviset
1141;2020-07-07 10:58:07.51451+00;2;Aktiiviset
1142;2020-07-07 10:58:36.985119+00;10;Alueella
1143;2020-07-07 10:58:37.418334+00;9;Alueella
1144;2020-07-07 10:58:39.471826+00;1;Aktiiviset
1145;2020-07-07 10:58:43.732785+00;2;Aktiiviset
1146;2020-07-07 10:58:44.996258+00;10;Alueella
1147;2020-07-07 10:58:45.566737+00;11;Alueella
1148;2020-07-07 10:58:58.714296+00;12;Alueella
1149;2020-07-07 10:59:04.982751+00;3;Aktiiviset
1150;2020-07-07 10:59:36.584289+00;11;Alueella
1151;2020-07-07 10:59:36.821867+00;10;Alueella
1152;2020-07-07 10:59:37.584122+00;9;Alueella
1153;2020-07-07 11:00:11.912645+00;8;Alueella
1154;2020-07-07 11:00:22.588153+00;7;Alueella
1155;2020-07-07 11:00:23.140174+00;8;Alueella
1156;2020-07-07 11:00:24.167668+00;9;Alueella
1157;2020-07-07 11:00:45.808055+00;8;Alueella
1158;2020-07-07 11:00:47.86221+00;9;Alueella
1159;2020-07-07 11:00:56.448733+00;3;Aktiiviset
1160;2020-07-07 11:00:57.715385+00;2;Aktiiviset
1161;2020-07-07 11:01:48.166974+00;1;Aktiiviset
1162;2020-07-07 11:01:49.073274+00;2;Aktiiviset
1163;2020-07-07 11:01:52.369072+00;3;Aktiiviset
1164;2020-07-07 11:01:53.718334+00;5;Alueella
1165;2020-07-07 11:01:53.741991+00;5;Alueella
1166;2020-07-07 11:01:53.899761+00;6;Alueella
1167;2020-07-07 11:01:54.064187+00;7;Alueella
1168;2020-07-07 11:01:54.251878+00;8;Alueella
1169;2020-07-07 11:01:54.408634+00;9;Alueella
1170;2020-07-07 11:01:55.248859+00;8;Alueella
1171;2020-07-07 11:02:04.634081+00;2;Aktiiviset
1172;2020-07-07 11:02:23.276676+00;1;Aktiiviset
1173;2020-07-07 11:03:22.313266+00;2;Aktiiviset
1174;2020-07-07 11:03:30.479575+00;1;Aktiiviset
1175;2020-07-07 11:03:38.168999+00;2;Aktiiviset
1176;2020-07-07 11:03:39.590056+00;1;Aktiiviset
1177;2020-07-07 11:04:17.928344+00;9;Alueella
1178;2020-07-07 11:04:21.19917+00;0;Aktiiviset
1179;2020-07-07 11:04:47.660607+00;1;Aktiiviset
1180;2020-07-07 11:04:52.335899+00;2;Aktiiviset
1181;2020-07-07 11:05:10.585137+00;1;Aktiiviset
1182;2020-07-07 11:05:25.871617+00;0;Aktiiviset
1183;2020-07-07 11:05:37.183177+00;1;Aktiiviset
1184;2020-07-07 11:06:01.837876+00;10;Alueella
1185;2020-07-07 11:06:11.744044+00;2;Aktiiviset
1186;2020-07-07 11:06:39.749384+00;1;Aktiiviset
1187;2020-07-07 11:06:39.802521+00;1;Aktiiviset
1188;2020-07-07 11:06:40.851505+00;0;Aktiiviset
1189;2020-07-07 11:06:59.081325+00;1;Aktiiviset
1190;2020-07-07 11:07:52.389306+00;0;Aktiiviset
1191;2020-07-07 11:07:58.640893+00;9;Alueella
1192;2020-07-07 11:07:58.76909+00;9;Alueella
1193;2020-07-07 11:08:00.545764+00;8;Alueella
1194;2020-07-07 11:08:05.083288+00;1;Aktiiviset
1195;2020-07-07 11:09:12.951103+00;7;Alueella
1196;2020-07-07 11:09:23.866616+00;0;Aktiiviset
1197;2020-07-07 11:09:34.54663+00;1;Aktiiviset
1202;2020-07-07 11:09:54.572539+00;2;Aktiiviset
1203;2020-07-07 11:10:16.294042+00;1;Aktiiviset
1204;2020-07-07 11:10:18.436369+00;0;Aktiiviset
1205;2020-07-07 11:10:20.974431+00;1;Aktiiviset
1206;2020-07-07 11:11:05.757113+00;0;Aktiiviset
1207;2020-07-07 11:11:27.664993+00;-1;Aktiiviset
1208;2020-07-07 11:11:31.180798+00;0;Aktiiviset
1209;2020-07-07 11:11:44.477285+00;1;Aktiiviset
1210;2020-07-07 11:12:15.692542+00;2;Aktiiviset
1211;2020-07-07 11:12:50.149836+00;1;Aktiiviset
1212;2020-07-07 11:13:06.076258+00;6;Alueella
1213;2020-07-07 11:13:06.725279+00;7;Alueella
1214;2020-07-07 11:14:04.309693+00;2;Aktiiviset
1215;2020-07-07 11:14:14.58898+00;8;Alueella
1216;2020-07-07 11:14:26.715151+00;9;Alueella
1217;2020-07-07 11:14:27.587632+00;10;Alueella
1218;2020-07-07 11:14:28.26689+00;11;Alueella
1219;2020-07-07 11:14:40.094534+00;1;Aktiiviset
1220;2020-07-07 11:14:40.489661+00;0;Aktiiviset
1221;2020-07-07 11:14:45.342599+00;1;Aktiiviset
1222;2020-07-07 11:15:41.513488+00;2;Aktiiviset
1223;2020-07-07 11:15:59.677436+00;1;Aktiiviset
1224;2020-07-07 11:16:02.696205+00;12;Alueella
1225;2020-07-07 11:16:17.857768+00;2;Aktiiviset
1226;2020-07-07 11:16:39.792554+00;11;Alueella
1227;2020-07-07 11:16:40.361413+00;1;Aktiiviset
1228;2020-07-07 11:16:43.640504+00;12;Alueella
1229;2020-07-07 11:16:45.795996+00;0;Aktiiviset
1230;2020-07-07 11:16:53.540239+00;1;Aktiiviset
1231;2020-07-07 11:16:54.189118+00;2;Aktiiviset
1232;2020-07-07 11:17:14.079705+00;11;Alueella
1233;2020-07-07 11:17:14.122895+00;11;Alueella
1234;2020-07-07 11:17:14.664627+00;10;Alueella
1235;2020-07-07 11:17:15.804642+00;9;Alueella
1236;2020-07-07 11:17:21.789665+00;3;Aktiiviset
1237;2020-07-07 11:17:23.799982+00;2;Aktiiviset
1238;2020-07-07 11:17:28.972165+00;1;Aktiiviset
1239;2020-07-07 11:17:33.855403+00;8;Alueella
1240;2020-07-07 11:17:33.87775+00;8;Alueella
1241;2020-07-07 11:17:34.499995+00;7;Alueella
1242;2020-07-07 11:17:37.270693+00;2;Aktiiviset
1243;2020-07-07 11:18:02.722714+00;3;Aktiiviset
1244;2020-07-07 11:18:03.262744+00;2;Aktiiviset
1245;2020-07-07 11:18:03.466114+00;1;Aktiiviset
1246;2020-07-07 11:18:24.807777+00;2;Aktiiviset
1247;2020-07-07 11:18:52.433852+00;1;Aktiiviset
1248;2020-07-07 11:18:55.235532+00;0;Aktiiviset
1249;2020-07-07 11:19:02.474099+00;6;Alueella
1250;2020-07-07 11:19:21.983528+00;7;Alueella
1251;2020-07-07 11:19:23.976711+00;6;Alueella
1252;2020-07-07 11:19:25.26874+00;7;Alueella
1253;2020-07-07 11:19:55.875155+00;8;Alueella
1254;2020-07-07 11:20:20.230913+00;7;Alueella
1255;2020-07-07 11:20:20.827846+00;6;Alueella
1256;2020-07-07 11:20:21.439867+00;1;Aktiiviset
1257;2020-07-07 11:20:33.192079+00;2;Aktiiviset
1258;2020-07-07 11:21:09.748732+00;1;Aktiiviset
1259;2020-07-07 11:21:18.967181+00;2;Aktiiviset
1260;2020-07-07 11:21:21.634002+00;1;Aktiiviset
1261;2020-07-07 11:21:39.989205+00;2;Aktiiviset
1262;2020-07-07 11:21:50.487123+00;3;Aktiiviset
1263;2020-07-07 11:22:04.339773+00;2;Aktiiviset
1264;2020-07-07 11:22:16.302669+00;1;Aktiiviset
1265;2020-07-07 11:22:18.876829+00;0;Aktiiviset
1266;2020-07-07 11:22:53.434692+00;1;Aktiiviset
1267;2020-07-07 11:22:56.213915+00;2;Aktiiviset
1268;2020-07-07 11:23:04.143253+00;9;Alueella
1269;2020-07-07 11:23:10.198012+00;1;Aktiiviset
1270;2020-07-07 11:23:56.891984+00;8;Alueella
1271;2020-07-07 11:24:06.67565+00;0;Aktiiviset
1272;2020-07-07 11:24:14.489127+00;7;Alueella
1273;2020-07-07 11:24:16.784701+00;6;Alueella
1274;2020-07-07 11:24:17.700842+00;1;Aktiiviset
1275;2020-07-07 11:24:24.869445+00;5;Alueella
1276;2020-07-07 11:24:25.575988+00;4;Alueella
1277;2020-07-07 11:24:44.77088+00;0;Aktiiviset
1278;2020-07-07 11:25:41.578914+00;1;Aktiiviset
1279;2020-07-07 11:25:50.062759+00;5;Alueella
1280;2020-07-07 11:26:12.702589+00;4;Alueella
1281;2020-07-07 11:26:27.695745+00;5;Alueella
1282;2020-07-07 11:26:47.362162+00;2;Aktiiviset
1283;2020-07-07 11:27:20.218481+00;1;Aktiiviset
1284;2020-07-07 11:27:27.116782+00;0;Aktiiviset
1285;2020-07-07 11:29:56.061741+00;4;Alueella
1286;2020-07-07 11:30:06.868866+00;5;Alueella
1287;2020-07-07 11:32:52.822223+00;1;Aktiiviset
1288;2020-07-07 11:33:18.246756+00;6;Alueella
1289;2020-07-07 11:33:23.055047+00;7;Alueella
1290;2020-07-07 11:34:06.123457+00;8;Alueella
1291;2020-07-07 11:34:51.33242+00;0;Aktiiviset
1292;2020-07-07 11:36:18.775085+00;7;Alueella
1293;2020-07-07 11:36:42.41818+00;8;Alueella
1294;2020-07-07 11:37:47.956975+00;1;Aktiiviset
1295;2020-07-07 11:38:33.054062+00;2;Aktiiviset
1296;2020-07-07 11:38:34.285256+00;7;Alueella
1297;2020-07-07 11:38:35.067641+00;1;Aktiiviset
1298;2020-07-07 11:38:54.576314+00;6;Alueella
1299;2020-07-07 11:38:54.971079+00;5;Alueella
1300;2020-07-07 11:39:12.923482+00;4;Alueella
1301;2020-07-07 11:40:03.350801+00;5;Alueella
